Nazwa funduszu,Kurs,Waluta,St. zw. 1D,St. zw. 7D,St. zw. 1M,St. zw. 3M,St. zw. 1R,St. zw. 3L,Data,Ranking 12M

Acer Aggressive FIZ,"168,54",PLN,"0,00","0,00","1,63","0,00","0,00","0,00",2016-03-23,-
AGIO Agresywny (AGIO SFIO),"1 096,67",PLN,"0,00","1,59","4,85","4,74","-8,35","6,56",2016-03-22,
AGIO Akcji PLUS (AGIO PLUS FIO),"113,23",PLN,"0,01","2,74","13,17","0,00","0,00","0,00",2016-03-22,-
AGIO Globalny (AGIO SFIO),"932,91",PLN,"0,00","0,63","3,76","1,36","-5,87","-0,01",2016-03-22,-
AGIO Globalny (EUR) (AGIO SFIO),"217,06",EUR,"0,00","1,18","5,99","2,12","-9,22","-3,36",2016-03-22,-
AGIO Globalny (USD) (AGIO SFIO),"240,76",USD,"0,00","2,31","5,59","3,70","-5,09","-16,98",2016-03-22,-
AGIO Kapitał (AGIO SFIO),"1 364,75",PLN,"0,00","0,04","0,28","0,67","3,12","14,37",2016-03-22,
AGIO Kapitał (EUR) (AGIO SFIO),"317,53",EUR,"0,00","0,59","2,44","1,43","-0,55","10,53",2016-03-22,-
AGIO Kapitał (USD) (AGIO SFIO),"352,20",USD,"0,00","1,70","2,04","3,00","3,98","-5,05",2016-03-22,-
AGIO Kapitał PLUS FIO,"118,37",PLN,"0,14","0,16","0,35","0,61","2,94","11,97",2016-03-22,
""
AGIO Market Neutral FIZ,"979,28",PLN,"0,00","0,00","0,70","0,00","0,00","0,00",2016-03-23,-
AGIO Nieruchomości Komercyjnych FIZ AN,"1 062,94",PLN,"0,00","0,00","0,26","0,00","0,00","0,00",2016-03-23,-
AGIO Obligacji PLUS (AGIO PLUS FIO),"100,02",PLN,"0,00","-0,02","-0,04","0,00","0,00","0,00",2016-03-22,-
AGIO Stabilny PLUS (AGIO PLUS FIO),"100,26",PLN,"-0,01","0,21","0,21","0,00","0,00","0,00",2016-03-22,-
AGIO Wierzytelności NSFIZ,"270,66",PLN,"0,00","0,00","0,28","0,00","0,00","0,00",2016-03-23,-
AGIO Wierzytelności Plus 2 NSFIZ,"184 769,00",PLN,"0,00","0,00","0,43","0,00","0,00","0,00",2016-03-23,-
AGIO Wierzytelności Plus NSFIZ,"212,58",PLN,"0,00","0,00","0,55","0,00","0,00","0,00",2016-03-23,-
Akcyjny + FIZ,"84,94",PLN,"0,00","0,00","-0,07","0,00","0,00","0,00",2016-03-23,-
Alior Agresywny (Alior SFIO),"75,66",PLN,"0,05","0,88","3,28","1,42","-12,69","-12,59",2016-03-22,
Alior Papierów Dłużnych (Alior SFIO),"108,16",PLN,"0,02","0,07","0,31","0,22","-1,86","0,00",2016-03-22,-
Alior Pieniężny (Alior SFIO),"100,19",PLN,"0,24","0,18","0,00","0,00","0,00","0,00",2016-03-22,-
Alior Stabilnych Spółek (Alior SFIO),"100,74",PLN,"-0,02","1,76","4,31","3,44","-15,30","-16,97",2016-03-22,
Alior Zmiennej Alokacji (Alior SFIO),"70,04",PLN,"0,20","1,17","2,67","-0,40","-16,04","-24,52",2016-03-22,
Allianz Akcji (Allianz FIO),"134,33",PLN,"0,01","1,73","4,16","2,84","-16,05","-16,40",2016-03-22,
Allianz Akcji Azjatyckich (Allianz SFIO),"92,29",PLN,"-0,22","2,46","6,97","-0,85","0,00","0,00",2016-03-22,-
Allianz Akcji Globalnych (Allianz FIO),"106,20",PLN,"-0,37","1,07","3,96","-1,56","-9,23","0,00",2016-03-22,
Allianz Akcji Małych i Średnich Spółek (Allianz FIO),"117,40",PLN,"-0,55","0,26","2,91","0,63","-9,63","14,34",2016-03-22,
Allianz Aktywnej Alokacji (Allianz FIO),"103,12",PLN,"0,16","0,55","1,44","-0,57","-9,38","-13,02",2016-03-22,-
Allianz Discovery FIZ seria A,"1 175,87",PLN,"0,00","0,00","0,79","-2,73","0,00","0,00",2016-03-23,-
Allianz Discovery FIZ seria B,"1 178,88",PLN,"0,00","0,00","-0,81","-2,91","0,00","0,00",2016-03-23,-
Allianz Globalny Stabilnego Dochodu (Allianz FIO),"103,21",PLN,"-0,11","0,63","2,48","2,92","0,00","0,00",2016-03-22,-
Allianz Long-Short Strategy FIZ seria A,"310,92",PLN,"0,00","0,00","0,00","0,90","2,53","-4,08",2016-03-23,-
Allianz Long-Short Strategy FIZ seria B,"313,54",PLN,"0,00","0,00","0,00","1,09","0,00","0,00",2016-03-23,-
Allianz Nowa Energia FIZ,"908,22",PLN,"0,00","0,00","-1,88","0,00","0,00","0,00",2016-03-23,-
Allianz Obligacji Globalnych (Allianz FIO),"101,04",PLN,"-0,05","0,45","1,97","0,65","-3,24","0,00",2016-03-22,-
Allianz Obligacji Korporacyjnych FIZ seria A,"1 130,32",PLN,"0,00","0,00","0,22","0,00","0,00","0,00",2016-03-23,
Allianz Obligacji Korporacyjnych FIZ seria B,"1 130,59",PLN,"0,00","0,00","0,27","0,00","0,00","0,00",2016-03-23,
Allianz Obligacji Korporacyjnych FIZ seria C,"1 160,02",PLN,"0,00","0,00","0,36","0,00","0,00","0,00",2016-03-23,
Allianz Obligacji Plus (Allianz FIO),"159,54",PLN,"0,00","0,06","1,02","0,77","-0,95","0,00",2016-03-22,
Allianz Obligacji Plus A1 (Allianz FIO),"160,47",PLN,"-0,01","0,06","1,05","0,89","-0,45","0,00",2016-03-22,-
Allianz Obligacji Plus A2 (Allianz FIO),"160,47",PLN,"-0,01","0,06","1,05","0,89","-0,45","0,00",2016-03-22,-
Allianz Pieniężny (Allianz FIO),"148,66",PLN,"-0,03","0,01","0,25","0,81","0,37","6,37",2016-03-22,
Allianz Polskich Obligacji Skarbowych (Allianz FIO),"137,73",PLN,"-0,06","-0,06","0,32","1,39","-0,89","8,18",2016-03-22,
Allianz Selektywny (Allianz FIO),"86,96",PLN,"0,23","1,62","3,78","1,48","-11,88","4,56",2016-03-22,
Allianz Stabilnego Wzrostu (Allianz FIO),"124,67",PLN,"-0,05","0,55","1,57","1,27","-6,29","-2,59",2016-03-22,
Allianz Surowców i Energii (Allianz FIO),"92,21",PLN,"-0,03","1,47","8,79","3,72","-11,11","0,00",2016-03-22,-
ALTUS Absolutnej Stopy Zwrotu Dłużny (FIO Parasolowy),"117,08",PLN,"0,03","0,17","0,93","4,49","2,02","12,96",2016-03-22,-
ALTUS Absolutnej Stopy Zwrotu FIZ GlobAl,"105,56",PLN,"0,00","0,00","0,07","0,00","0,00","0,00",2016-03-23,-
ALTUS Absolutnej Stopy Zwrotu FIZ Obligacji 1,"129,59",PLN,"0,00","0,00","0,59","0,00","0,00","0,00",2016-03-23,-
ALTUS Absolutnej Stopy Zwrotu FIZ Rynku Polskiego 2,"144,16",PLN,"0,00","0,00","0,90","0,00","0,00","0,00",2016-03-23,-
ALTUS Absolutnej Stopy Zwrotu Nowej Europy (FIO Parasolowy),"109,42",PLN,"0,14","0,89","0,96","0,77","0,83","0,00",2016-03-22,-
ALTUS Absolutnej Stopy Zwrotu Rynków Zagranicznych (ALTUS Absolutnej Stopy Zwrotu FIZ),"225,51",PLN,"0,00","0,00","0,71","0,00","0,00","0,00",2016-03-23,-
ALTUS Absolutnej Stopy Zwrotu Rynku Polskiego (ALTUS Absolutnej Stopy Zwrotu FIZ),"221,82",PLN,"0,00","0,00","0,86","0,00","0,00","0,00",2016-03-23,-
ALTUS Absolutnej Stopy Zwrotu Rynku Polskiego (FIO Parasolowy),"134,80",PLN,"0,21","0,54","0,50","0,54","0,49","10,68",2016-03-22,-
ALTUS Akcji (FIO Parasolowy),"143,93",PLN,"0,17","1,67","3,33","0,88","-7,03","13,49",2016-03-22,
ALTUS Aktywnego Zarządzania (FIO Parasolowy),"110,74",PLN,"0,00","0,86","1,21","0,64","-2,93","0,00",2016-03-22,
ALTUS FIZ Akcji +,"124,75",PLN,"0,00","0,00","1,07","0,00","0,00","0,00",2016-03-23,
ALTUS FIZ Aktywnej Alokacji Spółek Dywidendowych,"125,33",PLN,"0,00","0,00","0,29","0,00","0,00","0,00",2016-03-23,-
ALTUS FIZ Aktywny Akcji,"103,66",PLN,"0,00","0,00","1,95","0,00","0,00","0,00",2016-03-23,
ALTUS FIZ GlobAl 2,"108,05",PLN,"0,00","0,00","0,51","0,00","0,00","0,00",2016-03-23,-
ALTUS NSFIZ Wierzytelności,"218 343,00",PLN,"0,00","0,00","0,37","1,67","0,00","0,00",2016-03-23,-
ALTUS NSFIZ Wierzytelności 2,"199 860,00",PLN,"0,00","0,00","0,74","0,09","0,00","0,00",2016-03-23,-
ALTUS Optymalnego Wzrostu (FIO Parasolowy),"109,78",PLN,"0,08","0,41","0,46","-0,02","0,19","0,00",2016-03-22,-
ALTUS Pieniężny (FIO Parasolowy),"106,33",PLN,"0,00","0,09","0,43","1,42","1,57","0,00",2016-03-22,
ALTUS Short (FIO Parasolowy),"107,16",PLN,"-0,63","-2,76","-4,80","-3,78","12,24","17,56",2016-03-22,-
ALTUS Stabilnego Wzrostu (FIO Parasolowy),"118,10",PLN,"0,11","0,74","1,71","0,66","-1,82","0,00",2016-03-22,
Amundi Akcji Małych i Średnich Spółek (Amundi Parasolowy FIO),"103,27",PLN,"0,02","0,35","3,03","-0,31","-6,32","0,00",2016-03-22,
Amundi Akcyjny (Amundi Parasolowy FIO),"88,42",PLN,"0,29","0,57","3,74","-0,05","-14,31","0,00",2016-03-22,
Amundi Globalnych Perspektyw (Amundi Parasolowy FIO),"100,30",PLN,"0,06","0,22","1,32","0,00","0,00","0,00",2016-03-22,-
Amundi Obligacji (Amundi Parasolowy FIO),"106,56",PLN,"0,01","0,01","1,02","0,16","-2,94","0,00",2016-03-22,
Amundi Płynnościowy (Amundi Parasolowy FIO),"104,03",PLN,"-0,01","0,01","0,11","0,56","1,56","0,00",2016-03-22,
Amundi Stabilnego Wzrostu (Amundi Parasolowy FIO),"101,56",PLN,"0,10","0,16","1,26","-0,38","-5,88","0,00",2016-03-22,
Amundi Zrównoważony (Amundi Parasolowy FIO),"97,36",PLN,"0,11","0,33","2,16","-0,63","-8,50","0,00",2016-03-22,
Andromeda FIZ seria A,"1 189,46",PLN,"0,00","0,00","0,00","0,00","0,00","0,00",2016-03-23,-
Andromeda FIZ seria B,"1 091,43",PLN,"0,00","0,00","0,00","0,00","0,00","0,00",2016-03-23,-
Arka BZ WBK Akcji Polskich (Arka BZ WBK FIO),"30,21",PLN,"0,03","1,04","3,46","1,27","-14,35","-5,95",2016-03-22,
Arka BZ WBK Akcji Środkowej i Wschodniej Europy (Arka BZ WBK FIO),"37,00",PLN,"-1,02","-0,27","4,64","2,01","-13,63","-18,27",2016-03-22,
Arka BZ WBK Akcji Środkowej i Wschodniej Europy (EUR) (Arka BZ WBK FIO),"8,69",EUR,"-0,99","0,28","7,25","1,58","-16,34","-19,67",2016-03-22,-
Arka BZ WBK Akcji Środkowej i Wschodniej Europy FIZ,"95,05",PLN,"-1,03","0,02","5,48","0,00","0,00","0,00",2016-03-22,
Arka BZ WBK Akcji Tureckich (Arka BZ WBK FIO),"39,02",PLN,"-2,40","0,67","5,63","7,70","-12,04","-24,82",2016-03-22,-
Arka BZ WBK Akcji Tureckich (EUR) (Arka BZ WBK FIO),"9,16",EUR,"-2,37","1,22","8,27","7,25","-14,79","-26,11",2016-03-22,-
Arka BZ WBK Gotówkowy (Arka BZ WBK FIO),"29,16",PLN,"-0,03","-0,03","0,10","0,66","1,11","5,73",2016-03-22,
Arka BZ WBK Obligacji Europejskich (Arka BZ WBK FIO),"78,94",PLN,"-0,04","-0,47","-2,01","0,69","2,00","6,43",2016-03-22,-
Arka BZ WBK Obligacji Europejskich (EUR) (Arka BZ WBK FIO),"18,53",EUR,"-0,01","0,08","0,44","0,27","-1,19","4,61",2016-03-22,-
Arka BZ WBK Obligacji Korporacyjnych (Arka BZ WBK FIO),"59,03",PLN,"0,02","0,05","0,77","0,58","0,67","8,87",2016-03-22,
Arka BZ WBK Obligacji Skarbowych (Arka BZ WBK FIO),"21,10",PLN,"-0,05","0,00","0,29","1,34","-0,57","9,38",2016-03-22,
Arka BZ WBK Stabilnego Wzrostu (Arka BZ WBK FIO),"29,71",PLN,"0,00","0,37","1,47","0,95","-5,95","3,30",2016-03-22,
Arka BZ WBK Zrównoważony (Arka BZ WBK FIO),"27,95",PLN,"0,00","0,50","2,34","0,94","-9,28","1,60",2016-03-22,
Arka Platinum Dynamiczny (Arka BZ WBK FIO),"37,91",PLN,"0,18","-0,11","1,17","-2,42","-9,02","0,00",2016-03-22,-
Arka Platinum Dynamiczny (EUR) (Arka BZ WBK FIO),"8,90",EUR,"0,22","0,44","3,70","-2,83","-11,87","0,00",2016-03-22,-
Arka Platinum Dynamiczny (USD) (Arka BZ WBK FIO),"9,97",USD,"-0,26","1,59","4,86","-0,41","-7,49","0,00",2016-03-22,-
Arka Platinum Konserwatywny (Arka BZ WBK FIO),"61,85",PLN,"-0,02","0,02","0,57","0,32","-2,00","0,00",2016-03-22,
Arka Platinum Stabilny (Arka BZ WBK FIO),"59,49",PLN,"0,07","-0,02","0,75","-1,03","-5,15","0,00",2016-03-22,-
Arka Platinum Stabilny (EUR) (Arka BZ WBK FIO),"13,97",EUR,"0,10","0,53","3,26","-1,45","-8,12","0,00",2016-03-22,-
Arka Platinum Stabilny (USD) (Arka BZ WBK FIO),"15,65",USD,"-0,37","1,68","4,42","1,00","-3,55","0,00",2016-03-22,-
Arka Prestiż Akcji Europejskich (Arka Prestiż SFIO),"1 052,40",PLN,"-0,28","-0,49","5,45","0,00","0,00","0,00",2016-03-22,-
Arka Prestiż Akcji Polskich (Arka Prestiż SFIO),"1 173,17",PLN,"0,03","0,54","4,51","1,11","-6,89","17,66",2016-03-22,
Arka Prestiż Akcji Środkowej i Wschodniej Europy (Arka Prestiż SFIO),"981,71",PLN,"-1,07","0,14","4,37","3,03","-4,78","-10,52",2016-03-22,
Arka Prestiż Europejskich Spółek Dywidendowych (Arka Prestiż SFIO),"1 016,55",PLN,"-0,18","-0,71","1,86","0,00","0,00","0,00",2016-03-22,-
Arka Prestiż Gotówkowy (Arka Prestiż SFIO),"1 041,62",PLN,"-0,03","0,00","0,08","0,76","1,05","0,00",2016-03-22,
Arka Prestiż Obligacji Korporacyjnych (Arka Prestiż SFIO),"1 256,20",PLN,"0,03","0,05","0,82","0,59","0,92","10,27",2016-03-22,
Arka Prestiż Obligacji Skarbowych (Arka Prestiż SFIO),"1 334,13",PLN,"-0,05","0,11","0,39","1,58","-0,45","10,89",2016-03-22,
Aviva Investors Akcji Europy Wschodzącej (Aviva Investors FIO),"86,92",PLN,"-0,84","1,41","4,60","2,33","-11,09","-29,03",2016-03-22,
Aviva Investors Akcji Rynków Wschodzących (Aviva Investors FIO),"109,41",PLN,"0,22","1,16","2,31","2,28","-10,43","-1,63",2016-03-22,
Aviva Investors Aktywnej Alokacji (Aviva Investors FIO),"111,56",PLN,"0,01","0,13","3,10","-1,67","-7,58","18,40",2016-03-22,-
Aviva Investors Depozyt Plus (Aviva Investors FIO),"175,62",PLN,"-0,02","-0,01","0,09","0,64","0,45","3,93",2016-03-22,
Aviva Investors Dłużnych Papierów Korporacyjnych (Aviva Investors FIO),"122,56",PLN,"0,01","0,16","0,87","0,49","1,40","10,17",2016-03-22,
Aviva Investors Małych Spółek (Aviva Investors FIO),"155,07",PLN,"0,25","1,11","3,63","0,32","-3,17","6,95",2016-03-22,
Aviva Investors Nowoczesnych Technologii (Aviva Investors FIO),"137,86",PLN,"0,12","0,48","2,72","0,10","-4,74","19,10",2016-03-22,-
Aviva Investors Nowych Spółek (Aviva Investors FIO),"155,22",PLN,"0,08","1,11","3,10","0,16","-8,09","8,90",2016-03-22,
Aviva Investors Obligacji (Aviva Investors FIO),"227,73",PLN,"0,07","0,16","0,30","1,69","0,71","8,02",2016-03-22,
Aviva Investors Obligacji Dynamiczny (Aviva Investors FIO),"142,18",PLN,"0,09","0,39","0,90","2,56","2,72","20,96",2016-03-22,
Aviva Investors Obligacji Zamiennych (Aviva Investors FIO),"99,25",PLN,"0,06","0,32","2,17","-1,03","-2,67","0,00",2016-03-22,
Aviva Investors Ochrony Kapitału Plus (Aviva Investors FIO),"170,87",PLN,"-0,02","0,18","0,76","0,89","-0,33","2,18",2016-03-22,
Aviva Investors Optymalnego Wzrostu (Aviva Investors FIO),"108,11",PLN,"0,20","0,75","0,84","-2,49","-15,00","-7,54",2016-03-22,-
Aviva Investors Polskich Akcji (Aviva Investors FIO),"409,01",PLN,"0,06","0,61","3,85","1,82","-11,52","3,87",2016-03-22,
Aviva Investors Spółek Dywidendowych (Aviva Investors SFIO),"118,63",PLN,"-0,01","1,51","4,29","5,32","-8,32","0,00",2016-03-22,
Aviva Investors Stabilnego Inwestowania (Aviva Investors FIO),"266,27",PLN,"0,03","0,20","1,27","1,26","-4,15","6,60",2016-03-22,
Aviva Investors Zrównoważony (Aviva Investors FIO),"116,80",PLN,"0,07","0,39","1,90","1,42","-7,09","5,23",2016-03-22,
Aviva Oszczędnościowy (Aviva SFIO),"97,66",PLN,"-0,26","-0,80","-1,43","-1,64","0,00","0,00",2016-03-22,-
AXA Akcji (AXA FIO),"99,35",PLN,"0,09","1,43","2,55","-1,97","-18,20","-5,35",2016-03-22,
AXA Akcji Dużych Spółek (AXA FIO),"103,86",PLN,"-0,02","1,30","2,96","0,35","-14,99","-2,07",2016-03-22,
AXA Akcji Małych i Średnich Spółek (AXA FIO),"101,83",PLN,"-0,84","-0,35","0,77","-2,17","-10,41","0,00",2016-03-22,
AXA Akcji Spółek Dywidendowych (AXA FIO),"95,20",PLN,"-0,69","1,80","3,53","1,72","-14,51","0,00",2016-03-22,
AXA FIZ Globalnych Akcji,"900,11",PLN,"0,00","0,00","-3,50","0,00","0,00","0,00",2016-03-23,-
AXA FIZ Globalnych Obligacji,"1 126,81",PLN,"0,00","0,00","-0,03","0,00","0,00","0,00",2016-03-23,-
AXA Lokacyjny (AXA FIO),"119,27",PLN,"-0,02","0,04","0,30","0,81","1,37","6,68",2016-03-22,
AXA Makro Alokacji (AXA FIO),"101,90",PLN,"-0,09","0,52","1,16","-1,15","-13,75","-6,32",2016-03-22,
AXA Obligacji (AXA FIO),"131,53",PLN,"-0,06","0,05","0,27","1,12","0,10","10,26",2016-03-22,
AXA Obligacji Korporacyjnych (AXA FIO),"125,71",PLN,"0,01","0,18","0,75","0,53","-0,02","7,39",2016-03-22,
AXA Selective Equity (AXA FIO),"118,43",PLN,"-1,09","-0,50","-0,08","-5,27","-20,95","5,08",2016-03-22,
AXA Selective Equity F (AXA FIO),"120,35",PLN,"0,10","-0,28","2,03","0,00","0,00","0,00",2016-03-17,-
AXA Stabilnego Wzrostu (AXA FIO),"112,55",PLN,"-0,07","0,42","0,90","-0,78","-8,69","-0,25",2016-03-22,
BGŻ Dynamiczny (BGŻ SFIO),"97,21",PLN,"-0,17","0,32","2,74","0,27","-7,94","0,00",2016-03-22,
BGŻ Konserwatywny (BGŻ SFIO),"104,65",PLN,"0,01","0,03","0,46","1,04","-0,16","0,00",2016-03-22,-
BGŻ Stabilny (BGŻ SFIO),"101,74",PLN,"-0,01","0,01","0,96","0,57","-3,00","0,00",2016-03-22,
BGŻ Zrównoważony (BGŻ SFIO),"101,18",PLN,"-0,05","0,10","1,94","0,91","-4,75","0,00",2016-03-22,
BNP Paribas Akcji (BNP Paribas FIO),"125,49",PLN,"0,11","1,25","3,51","1,82","-10,86","8,45",2016-03-22,
BNP Paribas Papierów Dłużnych (BNP Paribas FIO),"124,66",PLN,"-0,05","0,10","0,41","1,36","0,80","9,87",2016-03-22,
BNP Paribas Stabilnego Wzrostu (BNP Paribas FIO),"138,18",PLN,"-0,03","0,44","1,33","1,48","-4,08","6,93",2016-03-22,
Bonus Wierzytelności DTP NSFIZ,"200 082,00",PLN,"0,00","0,00","0,01","0,00","0,00","0,00",2016-03-23,-
BPH Akcji (BPH FIO Parasolowy),"279,22",PLN,"0,30","1,78","5,12","4,23","-10,65","0,92",2016-03-22,
BPH Akcji Dynamicznych Spółek (BPH FIO Parasolowy),"49,30",PLN,"-0,06","0,86","2,49","-0,04","-4,77","18,23",2016-03-22,
BPH Akcji Dynamicznych Spółek (USD) (BPH FIO Parasolowy),"12,97",USD,"-0,54","2,53","6,22","1,97","-3,21","0,62",2016-03-22,-
BPH Akcji Europy Wschodzącej (BPH FIO Parasolowy),"57,29",PLN,"-0,40","1,33","5,20","4,62","-4,42","-14,45",2016-03-22,-
BPH Akcji Europy Wschodzącej (EUR) (BPH FIO Parasolowy),"13,45",EUR,"-0,37","1,89","7,77","4,18","-7,43","-15,94",2016-03-22,-
BPH Akcji Globalny (BPH FIO Parasolowy),"168,20",PLN,"0,40","1,81","3,70","1,10","-6,98","17,77",2016-03-22,
BPH Bezpieczna Inwestycja 1 FIZ,"175,70",PLN,"0,00","0,00","-0,05","0,00","0,00","0,00",2016-03-23,-
BPH Bezpieczna Inwestycja 2 FIZ,"147,98",PLN,"0,00","0,00","0,00","0,00","0,00","0,00",2016-03-23,-
BPH Bezpieczna Inwestycja 3 FIZ,"131,69",PLN,"0,00","0,00","0,20","0,00","0,00","0,00",2016-03-23,-
BPH Bezpieczna Inwestycja 4 FIZ,"120,67",PLN,"0,00","0,00","0,22","0,00","0,00","0,00",2016-03-23,-
BPH Bezpieczna Inwestycja 5 FIZ,"121,80",PLN,"0,00","0,00","0,21","0,00","0,00","0,00",2016-03-23,-
BPH Bezpieczna Inwestycja 6 FIZ,"113,09",PLN,"0,00","0,00","0,18","0,00","0,00","0,00",2016-03-23,-
BPH Dochodowych Surowców FIZ,"114,90",PLN,"0,00","0,00","0,12","0,00","0,00","0,00",2016-03-23,-
BPH Dywidendowy (BPH FIO Parasolowy),"108,05",PLN,"-0,13","1,10","5,77","0,00","0,00","0,00",2016-03-22,-
BPH FIO Strategii Akcyjnej,"1 079,67",PLN,"0,13","1,14","2,60","1,45","2,29","3,88",2016-03-22,-
BPH FIZ Multi Inwestycja,"92,16",PLN,"0,00","1,24","2,03","1,46","0,00","0,00",2016-03-22,-
BPH Globalny Żywności i Surowców (BPH FIO Parasolowy),"89,00",PLN,"-0,16","2,64","5,66","4,00","-14,67","-36,77",2016-03-22,-
BPH Korzystnego Kursu FIZ,"114,66",PLN,"0,00","0,00","-0,10","0,00","0,00","0,00",2016-03-23,-
BPH Obligacji 1 (BPH FIO Parasolowy),"283,84",PLN,"-0,10","0,04","0,42","1,30","1,24","8,81",2016-03-22,
BPH Obligacji 2 (BPH FIO Parasolowy),"3 379,35",PLN,"-0,10","0,04","0,42","1,28","0,69","13,69",2016-03-22,
BPH Obligacji Korporacyjnych (BPH FIO Parasolowy),"13,73",PLN,"0,00","0,07","0,37","0,59","1,93","0,00",2016-03-22,
BPH Obligacji Korporacyjnych (USD) (BPH FIO Parasolowy),"3,61",USD,"-0,55","1,69","4,03","2,56","3,44","0,00",2016-03-22,-
BPH Pieniężny (BPH FIO Parasolowy),"103,82",PLN,"-0,02","0,03","0,24","0,63","1,30","0,00",2016-03-22,
BPH Selektywny (BPH FIO Parasolowy),"148,12",PLN,"0,09","0,89","1,99","1,25","2,03","15,66",2016-03-22,-
BPH Skarbowy (BPH FIO Parasolowy),"34,69",PLN,"-0,03","0,00","0,14","0,49","0,52","4,90",2016-03-22,
BPH Stabilnego Wzrostu (BPH FIO Parasolowy),"16,87",PLN,"0,06","0,66","2,12","2,24","-3,60","4,78",2016-03-22,
BPH Superior Akcji (BPH Superior FIO),"99,17",PLN,"0,25","1,94","5,50","5,23","0,00","0,00",2016-03-22,-
BPH Superior Obligacji (BPH Superior FIO),"104,29",PLN,"-0,13","0,06","0,43","2,02","0,00","0,00",2016-03-22,-
BPH Superior Pieniężny (BPH Superior FIO),"101,52",PLN,"-0,03","0,00","0,16","0,77","0,00","0,00",2016-03-22,-
BPH Superior Selektywny (BPH Superior FIO),"107,19",PLN,"0,32","0,98","2,50","1,64","0,00","0,00",2016-03-22,-
BPH Zrównoważony (BPH FIO Parasolowy),"2,10",PLN,"0,00","0,96","3,45","2,94","-7,08","0,48",2016-03-22,
BPS Akcji (BPS FIO),"94,14",PLN,"1,15","2,20","5,23","3,09","-9,95","4,68",2016-03-23,
BPS Obligacji (BPS FIO),"132,61",PLN,"-0,20","0,02","0,38","1,56","0,31","14,37",2016-03-23,
BPS Obligacji Korporacyjnych (BPS SFIO),"1 103,87",PLN,"0,05","0,04","0,19","0,23","2,26","0,00",2016-03-23,
BPS Pieniężny (BPS FIO),"128,84",PLN,"0,02","0,12","0,54","0,71","1,33","0,00",2016-03-23,
BPS Płynnościowy (BPS SFIO),"1 088,93",PLN,"0,05","0,07","0,37","0,47","1,98","0,00",2016-03-23,
BPS Stabilnego Wzrostu (BPS FIO),"110,58",PLN,"0,46","0,89","2,07","2,47","-4,66","4,20",2016-03-23,
Caspar Akcji Polskich (Caspar Parasolowy FIO),"124,56",PLN,"-0,39","1,49","6,54","3,64","-10,47","9,64",2016-03-22,
Caspar Akcji Środkowej i Wschodniej Europy (Caspar Parasolowy FIO),"115,88",PLN,"-0,28","0,62","1,10","-3,84","0,00","0,00",2016-03-22,-
Caspar Akcji Tureckich (Caspar Parasolowy FIO),"96,61",PLN,"-1,13","1,55","3,66","7,13","-0,54","-8,31",2016-03-22,-
Caspar Globalny (Caspar Parasolowy FIO),"91,87",PLN,"0,33","0,24","1,07","-5,76","0,00","0,00",2016-03-22,-
Caspar Ochrony Kapitału (Caspar Parasolowy FIO),"104,67",PLN,"-0,03","0,00","0,11","0,74","1,14","0,00",2016-03-22,
Conerga greenENERGY FIZ AN,"127,79",PLN,"0,00","0,00","0,00","0,00","0,00","0,00",2016-03-23,-
Copernicus Akcji (Copernicus FIO),"114,84",PLN,"0,54","1,90","6,67","1,08","-5,44","25,70",2016-03-22,
Copernicus Dłużny Skarbowy Plus (Copernicus FIO),"116,84",PLN,"-0,06","0,04","0,33","1,02","-2,32","13,62",2016-03-22,
Copernicus Spółek Wzrostowych (Copernicus FIO),"162,36",PLN,"0,29","1,94","5,61","4,00","-5,47","33,72",2016-03-22,
CORUM Absolute Return FIZ,"13 418,10",PLN,"0,00","0,00","2,77","-10,11","10,63","21,99",2016-03-23,-
CORUM Opportunity Absolute Return FIZ,"15 241,80",PLN,"0,00","0,00","3,67","3,65","26,44","45,90",2016-03-23,-
CP Absolute Return (CP FIZ),"123,23",PLN,"0,00","0,00","0,00","0,00","0,00","0,00",2016-03-23,-
CP Private Equity (CP FIZ),"131,28",PLN,"0,00","0,00","0,00","0,00","0,00","0,00",2016-03-23,-
Credit Agricole Akcji Nowej Europy (Credit Agricole FIO),"78,47",PLN,"-1,39","-0,49","4,50","-0,01","-12,42","-22,03",2016-03-22,
Credit Agricole Akcyjny (Credit Agricole FIO),"98,35",PLN,"-0,20","0,18","3,85","0,84","-8,22","10,21",2016-03-22,
Credit Agricole Dynamiczny Polski (Credit Agricole FIO),"160,88",PLN,"-0,08","0,44","2,86","1,17","-6,78","5,80",2016-03-22,
Credit Agricole Lokacyjny (Credit Agricole FIO),"128,62",PLN,"-0,02","-0,02","0,06","0,42","0,12","3,22",2016-03-22,
Credit Agricole Stabilnego Wzrostu (Credit Agricole FIO),"225,44",PLN,"-0,09","0,04","1,55","0,82","-2,92","11,49",2016-03-22,
DB Fund Dynamiczny (DB Funds FIO),"12,45",PLN,"-0,08","0,65","4,53","1,30","-6,18","12,06",2016-03-22,
DB Fund Globalny Zrównoważony (DB Funds FIO),"11,48",PLN,"-0,09","-0,52","0,00","0,61","-0,35","10,28",2016-03-22,-
DB Fund Instrumentów Dłużnych (DB Funds FIO),"11,52",PLN,"0,00","-0,09","0,17","0,52","0,09","7,26",2016-03-22,
Distressed Assets FIZ AN,"1 255,25",PLN,"0,00","0,00","0,00","0,00","0,00","0,00",2016-03-23,-
Eques Akcji (Eques SFIO),"14,18",PLN,"0,35","2,23","4,96","6,46","-1,25","18,36",2016-03-22,
Eques Aktywnej Alokacji (Eques SFIO),"10,45",PLN,"0,38","2,15","1,85","0,77","-9,68","-6,19",2016-03-22,
Eques Creditum FIZ NFS,"189 326,00",PLN,"0,00","0,00","0,58","0,00","0,00","0,00",2016-03-23,-
Eques Debitum 2 FIZ NFS,"1 261,15",PLN,"0,00","0,00","0,43","0,00","0,00","0,00",2016-03-23,-
Eques Debitum FIZ NFS,"286 266,00",PLN,"0,00","0,00","0,54","0,00","0,00","0,00",2016-03-23,-
Eques Fotovoltaica FIZ,"993,24",PLN,"0,00","0,00","0,00","0,00","0,00","0,00",2016-03-23,-
Eques Obligacji (Eques SFIO),"11,82",PLN,"0,08","0,08","0,25","1,11","0,85","11,83",2016-03-22,
Eques Pieniężny (Eques SFIO),"11,65",PLN,"0,00","0,09","0,26","0,43","3,10","10,95",2016-03-22,
Eques Total Return FIZ,"892,21",PLN,"0,00","0,00","0,00","0,00","0,00","0,00",2016-03-23,-
Eurogeddon (Opera SFIO),"6,10",PLN,"0,00","-3,94","-7,99","0,99","20,79","-30,13",2016-03-22,-
FIAR Fixed Income Absolute Return FIZ,"1 028,05",PLN,"0,00","0,00","0,90","2,80","0,00","0,00",2016-03-23,-
First Private Equity FIZ AN,"1 454,70",PLN,"0,00","0,00","0,00","0,00","0,00","0,00",2016-03-23,-
FIZ AN Deweloperski Nieruchomości Komercyjnych SATUS,"670,35",PLN,"0,00","0,00","-0,17","0,00","0,00","0,00",2016-03-23,-
FIZ BDM Obligo,"1 045,15",PLN,"0,00","0,00","0,00","0,00","0,00","0,00",2016-03-23,-
FIZ Nieruchomości Dywidendowych,"100,07",PLN,"0,00","0,00","1,29","0,15","0,00","0,00",2016-03-23,-
Franklin Elastycznego Dochodu (FT FIO),"100,60",PLN,"-0,11","-0,03","0,00","0,00","0,00","0,00",2016-03-21,-
Franklin Zmiennej Alokacji (FT FIO),"100,53",PLN,"-0,12","0,11","0,00","0,00","0,00","0,00",2016-03-21,-
Fundusz Własności Pracowniczej PKP SFIO,"343,71",PLN,"-0,02","0,38","1,28","4,10","53,97","342,87",2016-03-22,-
Global Bond FIZ,"103,11",PLN,"0,00","0,00","0,16","0,00","0,00","0,00",2016-03-23,-
Globalny Fundusz Medyczny FIZ,"89,27",PLN,"0,00","0,00","2,32","0,00","0,00","0,00",2016-03-23,-
GO FUND Property FIZ,"1,04",PLN,"0,00","0,00","0,00","1,58","2,78","0,00",2016-03-23,-
HFT Akcji Amerykańskich FIZ,"116,15",PLN,"0,00","0,00","0,11","5,70","0,00","0,00",2016-03-23,-
HFT Algorytmiczny FIZ,"112,79",PLN,"0,00","0,00","0,00","3,02","0,00","0,00",2016-03-23,-
HFT Global Invest FIZ,"114,38",PLN,"0,00","0,00","0,04","6,88","0,00","0,00",2016-03-23,-
ING BSK Indeks MSCI EMU (ING BSK Fundusze Indeksowe SFIO),"89,70",PLN,"0,12","0,03","4,02","-4,47","0,00","0,00",2016-03-23,-
ING BSK Indeks S&P; 500 (ING BSK Fundusze Indeksowe SFIO),"97,84",PLN,"-0,07","1,63","5,10","0,12","0,00","0,00",2016-03-23,-
ING BSK Indeks WIG 20 (ING BSK Fundusze Indeksowe SFIO),"98,21",PLN,"0,52","2,91","5,33","4,06","0,00","0,00",2016-03-23,-
ING Pakiet Dynamiczny (ING Konto Funduszowe SFIO),"93,32",PLN,"-0,06","0,73","2,64","0,28","-7,81","0,00",2016-03-22,-
ING Pakiet Ostrożny (ING Konto Funduszowe SFIO),"100,29",PLN,"0,03","0,12","0,70","0,90","0,25","0,00",2016-03-22,
ING Pakiet Umiarkowany (ING Konto Funduszowe SFIO),"95,41",PLN,"-0,01","0,40","1,66","-0,08","-5,52","0,00",2016-03-22,-
Insignis FIZ,"1 094,13",PLN,"0,00","0,00","2,65","0,00","0,00","0,00",2016-03-23,-
InValue FIZ,"90,17",PLN,"0,00","0,00","0,79","-10,43","0,00","0,00",2016-03-23,-
Investor Absolute Return FIZ,"11 726,50",PLN,"0,00","0,00","0,51","0,00","0,00","0,00",2016-03-23,-
Investor Akcji (Investor FIO),"204,43",PLN,"-0,14","0,62","2,45","-1,89","-11,58","28,70",2016-03-22,
Investor Akcji Dużych Spółek Dywidendowych (Investor FIO),"336,40",PLN,"0,16","1,10","3,13","-1,07","-16,32","-4,61",2016-03-22,
Investor Akcji Rynków Wschodzących (Investor SFIO),"78,70",PLN,"0,14","4,20","7,81","3,00","0,00","0,00",2016-03-22,-
Investor Akcji Spółek Wzrostowych (Investor SFIO),"87,95",PLN,"0,37","1,38","3,01","-4,45","-12,05","0,00",2016-03-22,-
Investor Ameryka Łacińska (Investor SFIO),"131,04",PLN,"-0,85","1,63","14,56","14,12","-12,67","-26,30",2016-03-22,-
Investor BRIC (Investor SFIO),"61,44",PLN,"-0,18","1,94","9,73","-1,63","-17,40","-6,53",2016-03-22,-
Investor CEE FIZ,"411,03",PLN,"0,00","0,00","1,02","0,00","0,00","0,00",2016-03-23,
Investor FIZ,"907,76",PLN,"0,00","0,00","0,54","0,00","0,00","0,00",2016-03-23,-
Investor Globalny Akcji (Investor SFIO),"88,03",PLN,"0,09","1,31","4,01","-1,44","0,00","0,00",2016-03-22,-
Investor Gold FIZ,"1 573,35",PLN,"0,00","0,00","10,97","0,00","0,00","0,00",2016-03-23,-
Investor Gold Otwarty (Investor SFIO),"145,95",PLN,"-0,41","-0,05","2,26","14,22","-1,69","-24,28",2016-03-22,-
Investor Gotówkowy (Investor SFIO),"129,56",PLN,"-0,02","-0,02","0,09","0,65","0,45","5,07",2016-03-22,
Investor Indie i Chiny (Investor SFIO),"187,12",PLN,"0,16","1,73","3,16","-6,56","-16,57","10,30",2016-03-22,-
Investor Niemcy (Investor SFIO),"180,55",PLN,"0,41","0,48","0,00","0,00","0,00","0,00",2016-03-22,-
Investor Obligacji (Investor FIO),"311,88",PLN,"-0,06","0,07","0,33","1,45","1,15","9,99",2016-03-22,-
Investor Obligacji Korporacyjnych (Investor SFIO),"99,28",PLN,"0,10","0,11","0,66","0,18","0,00","0,00",2016-03-22,-
Investor Obligacji Rynków Wschodzących Plus (Investor SFIO),"98,41",PLN,"0,05","0,30","0,49","1,56","0,00","0,00",2016-03-22,-
Investor Property FIZ AN,"872,86",PLN,"0,00","0,00","0,00","0,00","0,00","0,00",2016-03-23,-
Investor Płynna Lokata (Investor FIO),"235,82",PLN,"0,03","0,07","0,30","0,76","1,09","7,25",2016-03-22,
Investor Rosja (Investor SFIO),"112,83",PLN,"1,05","4,63","11,49","9,83","-2,56","-25,03",2016-03-22,-
Investor Sektora Infrastruktury i Informatyki (Investor SFIO),"73,60",PLN,"0,35","1,90","3,37","-0,24","-9,18","34,23",2016-03-22,-
Investor Sektora Nieruchomości i Budownictwa (Investor SFIO),"75,70",PLN,"0,03","0,34","2,56","2,01","-3,26","24,14",2016-03-22,-
Investor Top 25 Małych Spółek (Investor FIO),"220,97",PLN,"-0,41","0,28","1,57","-0,26","-10,77","20,17",2016-03-22,-
Investor Top 50 Małych i Średnich Spółek (Investor FIO),"46,26",PLN,"-0,75","1,34","4,68","3,70","-7,90","4,21",2016-03-22,
Investor Turcja (Investor SFIO),"176,01",PLN,"-1,28","2,49","7,23","9,23","-11,83","-23,72",2016-03-22,-
Investor Zabezpieczenia Emerytalnego (Investor FIO),"27,72",PLN,"-0,04","0,29","1,24","0,25","-4,05","18,92",2016-03-22,
Investor Zrównoważony (Investor FIO),"412,07",PLN,"-0,08","0,36","1,67","-0,81","-7,26","27,19",2016-03-22,
InWarren FIZ,"1 002,46",PLN,"0,00","0,00","0,09","0,20","0,00","0,00",2016-03-23,-
Ipopema Akcji (Ipopema SFIO),"122,23",PLN,"0,18","1,70","4,34","2,36","-10,38","-2,54",2016-03-22,
Ipopema Dłużny (Ipopema SFIO),"106,46",PLN,"0,08","0,15","0,83","2,77","0,00","0,00",2016-03-22,-
Ipopema Global Bonds FIZ,"109,12",PLN,"0,00","0,00","0,92","1,83","0,00","0,00",2016-03-23,-
Ipopema Global Macro FIZ,"111,41",PLN,"0,00","0,00","0,44","-2,64","-2,30","7,19",2016-03-23,-
Ipopema Globalnych Megatrendów (Ipopema SFIO),"98,52",PLN,"0,52","1,66","4,50","-4,02","0,00","0,00",2016-03-22,-
Ipopema Gotówkowy (Ipopema SFIO),"109,51",PLN,"0,00","0,06","0,10","0,51","1,44","7,98",2016-03-22,
Ipopema m-INDEKS (Ipopema SFIO),"96,06",PLN,"-0,56","0,16","2,57","0,53","-5,50","0,00",2016-03-22,-
Ipopema m-INDEKS B (Ipopema SFIO),"95,56",PLN,"-0,56","0,15","2,53","0,42","-5,96","0,00",2016-03-22,-
Ipopema m-INDEKS FIO kategoria A,"139,21",PLN,"-0,64","0,05","2,50","0,04","-6,92","34,09",2016-03-22,
Ipopema Makro Alokacji (Ipopema SFIO),"120,02",PLN,"-0,03","-0,03","0,98","-0,70","-3,67","3,61",2016-03-22,-
Ipopema Małych i Średnich Spółek (Ipopema SFIO),"142,80",PLN,"0,03","0,90","4,17","0,25","-4,49","23,44",2016-03-22,
Ipopema MegaTrends FIZ,"91,00",PLN,"0,00","0,00","-2,16","-12,16","0,00","0,00",2016-03-23,
Ipopema Obligacji (Ipopema SFIO),"125,46",PLN,"0,01","0,11","0,46","1,82","3,11","12,21",2016-03-22,
Ipopema Opportunity FIZ,"9 091,47",PLN,"0,00","0,00","1,21","-0,61","0,00","0,00",2016-03-23,-
Ipopema Short Equity (Ipopema SFIO),"112,33",PLN,"-0,65","-3,10","-5,54","-5,22","14,19","2,72",2016-03-22,-
JPMorgan - Emerging Markets Opportunities Fund Polska (Skarbiec - JPM AM Funds Polska SFIO),"98,39",PLN,"-0,09","2,61","4,79","-1,23","-18,64","0,00",2016-03-22,
JPMorgan - Global High Yield Bond Fund Polska (Skarbiec - JPM AM Funds Polska SFIO),"102,23",PLN,"-0,03","0,74","5,19","3,81","-3,11","0,00",2016-03-22,-
JPMorgan - Global Strategic Bond Fund Polska (Skarbiec - JPM AM Funds Polska SFIO),"103,58",PLN,"0,00","0,06","1,94","0,86","-0,97","0,00",2016-03-22,-
JPMorgan - Highbridge US STEEP Fund Polska (Skarbiec - JPM AM Funds Polska SFIO),"104,53",PLN,"0,21","2,39","8,61","1,36","-12,06","0,00",2016-03-22,
KBC Akcji Małych i Średnich Spółek (KBC FIO),"77,01",PLN,"-0,32","0,71","1,50","-2,69","-9,77","26,85",2016-03-22,
KBC Akcyjny (KBC FIO),"79,55",PLN,"-0,11","1,44","2,42","-1,12","-14,81","3,51",2016-03-22,
KBC Aktywny (KBC FIO),"194,40",PLN,"-0,09","0,72","1,36","-0,52","-9,63","3,59",2016-03-22,
KBC Alfa SFIO,"2,75",PLN,"0,00","0,00","0,36","1,10","2,23","12,24",2016-03-22,
KBC Alokacji Sektorowych FIZ,"97,06",PLN,"0,00","0,00","-1,74","0,00","0,00","0,00",2016-03-23,-
KBC Beta Dywidendowy SFIO,"168,28",PLN,"0,33","1,54","2,44","-0,72","0,00","0,00",2016-03-22,-
KBC Delta (KBC Biznes SFIO),"132,71",PLN,"-0,08","0,01","-0,36","1,33","-1,47","13,54",2016-03-22,
KBC Gamma (KBC Biznes SFIO),"237,63",PLN,"-0,04","-0,03","0,19","0,65","1,01","9,84",2016-03-22,
KBC Globalny Akcyjny (KBC FIO),"124,35",PLN,"0,47","-0,22","4,08","-1,66","-11,49","12,66",2016-03-22,
KBC Globalny Ochrony 90 Listopad (KBC FIO),"93,93",PLN,"-0,02","-0,03","1,04","-2,18","0,00","0,00",2016-03-22,-
KBC Obligacji Korporacyjnych (KBC FIO),"129,91",PLN,"-0,02","-0,01","0,24","0,78","1,22","0,00",2016-03-22,
KBC Papierów Dłużnych (KBC FIO),"228,42",PLN,"0,06","0,07","0,24","0,79","0,59","12,51",2016-03-22,
KBC Pieniężny (KBC FIO),"179,54",PLN,"-0,01","-0,01","0,18","0,59","1,04","8,96",2016-03-22,
KBC Portfel Akcji Średnich Spółek (KBC Portfel VIP SFIO),"80,30",PLN,"-0,61","0,30","2,18","-3,80","-11,68","27,60",2016-03-22,
KBC Portfel Akcyjny (KBC Portfel VIP SFIO),"72,42",PLN,"0,12","2,07","3,65","-1,35","-20,00","-4,97",2016-03-22,
KBC Portfel Obligacyjny (KBC Portfel VIP SFIO),"169,10",PLN,"-0,05","0,06","0,28","0,63","-1,00","15,36",2016-03-22,
KBC Portfel Pieniężny (KBC Portfel VIP SFIO),"158,16",PLN,"-0,06","-0,04","0,15","0,65","1,53","11,80",2016-03-22,
KBC Stabilny (KBC FIO),"235,53",PLN,"-0,11","0,28","0,85","-0,53","-6,29","8,33",2016-03-22,
KBC Zmiennej Alokacji (KBC FIO),"105,20",PLN,"0,07","0,33","1,21","-3,72","-12,99","-4,62",2016-03-22,
Legg Mason Akcji (Legg Mason Parasol FIO),"335,02",PLN,"-0,05","1,21","3,58","4,05","-13,61","-1,37",2016-03-22,
Legg Mason Akcji 500+ FIZ,"1 030,23",PLN,"0,00","0,00","7,64","0,00","0,00","0,00",2016-03-23,-
Legg Mason Akcji Azjatyckich (Legg Mason Parasol Zagraniczny SFIO),"101,97",PLN,"0,15","2,49","6,92","4,50","0,00","0,00",2016-03-22,-
Legg Mason Akcji Skoncentrowany FIZ,"1 150,10",PLN,"0,00","0,00","5,19","0,00","0,00","0,00",2016-03-23,
Legg Mason Amerykańskich Spółek Wzrostowych (Legg Mason Parasol Zagraniczny SFIO),"94,87",PLN,"0,55","3,09","6,38","-2,69","0,00","0,00",2016-03-22,-
Legg Mason CEE Select (Legg Mason Parasol FIO),"98,06",PLN,"-0,44","0,50","3,98","3,26","-3,22","0,00",2016-03-22,
Legg Mason Globalnych Papierów Dłużnych (Legg Mason Parasol Zagraniczny SFIO),"99,94",PLN,"-0,02","1,24","5,06","3,49","0,00","0,00",2016-03-22,-
Legg Mason Małych Spółek Amerykańskich (Legg Mason Parasol Zagraniczny SFIO),"98,83",PLN,"-0,44","3,81","6,87","3,18","0,00","0,00",2016-03-22,-
Legg Mason Obligacji (Legg Mason Parasol FIO),"281,17",PLN,"-0,15","0,01","0,37","1,53","-0,75","7,98",2016-03-22,-
Legg Mason Okazji Rynkowych (Legg Mason Parasol Zagraniczny SFIO),"88,44",PLN,"-0,47","3,29","9,29","-7,32","0,00","0,00",2016-03-22,-
Legg Mason Pieniężny (Legg Mason Parasol FIO),"263,24",PLN,"-0,03","0,02","0,11","0,67","1,22","6,58",2016-03-22,-
Legg Mason Senior FIO,"282,05",PLN,"-0,08","0,15","1,09","1,52","-4,57","1,51",2016-03-22,-
Legg Mason Stabilny (Legg Mason Parasol FIO),"98,52",PLN,"-0,08","0,18","1,12","0,86","-5,19","0,00",2016-03-22,
Legg Mason Strateg (Legg Mason Parasol FIO),"227,68",PLN,"0,11","1,50","3,37","5,75","-9,35","-1,96",2016-03-22,
Macro FIZ,"104,48",PLN,"0,00","0,00","0,94","0,00","0,00","0,00",2016-03-23,-
Macromoney FIZ AN,"198,54",PLN,"0,00","0,00","0,61","3,27","10,19","0,00",2016-03-23,-
MCI.EuroVentures 1.0. seria A-D (MCI.PrivateVentures FIZ),"45 468,50",PLN,"0,00","0,00","1,03","0,00","0,00","0,00",2016-03-23,-
MCI.EuroVentures 1.0. seria A1 (MCI.PrivateVentures FIZ),"47 412,80",PLN,"0,00","0,00","0,00","0,00","0,00","0,00",2016-03-23,-
MCI.EuroVentures 1.0. seria J (MCI.PrivateVentures FIZ),"45 428,90",PLN,"0,00","0,00","1,03","0,00","0,00","0,00",2016-03-23,-
MCI.EuroVentures 1.0. seria K (MCI.PrivateVentures FIZ),"45 244,30",PLN,"0,00","0,00","1,03","0,00","0,00","0,00",2016-03-23,-
MCI.EuroVentures 1.0. seria L (MCI.PrivateVentures FIZ),"44 439,20",PLN,"0,00","0,00","1,03","0,00","0,00","0,00",2016-03-23,-
MCI.EuroVentures 1.0. seria M (MCI.PrivateVentures FIZ),"45 479,20",PLN,"0,00","0,00","1,03","0,00","0,00","0,00",2016-03-23,-
MCI.EuroVentures 1.0. seria N (MCI.PrivateVentures FIZ),"45 135,00",PLN,"0,00","0,00","1,03","0,00","0,00","0,00",2016-03-23,-
MCI.EuroVentures 1.0. seria O (MCI.PrivateVentures FIZ),"45 150,80",PLN,"0,00","0,00","1,13","0,00","0,00","0,00",2016-03-23,-
MCI.EuroVentures 1.0. seria P (MCI.PrivateVentures FIZ),"45 877,50",PLN,"0,00","0,00","1,03","0,00","0,00","0,00",2016-03-23,-
MCI.EuroVentures 1.0. seria R (MCI.PrivateVentures FIZ),"47 014,80",PLN,"0,00","0,00","0,94","0,00","0,00","0,00",2016-03-23,-
MCI.EuroVentures 1.0. seria S (MCI.PrivateVentures FIZ),"47 087,90",PLN,"0,00","0,00","0,94","0,00","0,00","0,00",2016-03-23,-
MCI.EuroVentures 1.0. seria T (MCI.PrivateVentures FIZ),"45 226,00",PLN,"0,00","0,00","0,94","0,00","0,00","0,00",2016-03-23,-
MCI.EuroVentures 1.0. seria U (MCI.PrivateVentures FIZ),"47 190,40",PLN,"0,00","0,00","0,94","2,20","0,00","0,00",2016-03-23,-
MCI.EuroVentures 1.0. seria W (MCI.PrivateVentures FIZ),"46 549,40",PLN,"0,00","0,00","0,94","2,20","0,00","0,00",2016-03-23,-
MCI.EuroVentures 1.0. seria Y (MCI.PrivateVentures FIZ),"47 140,30",PLN,"0,00","0,00","0,94","2,20","0,00","0,00",2016-03-23,-
MCI.EuroVentures 1.0. seria Z (MCI.PrivateVentures FIZ),"46 618,00",PLN,"0,00","0,00","0,94","0,00","0,00","0,00",2016-03-23,-
MCI.TechVentures 1.0. seria A-D (MCI.PrivateVentures FIZ),"212,47",PLN,"0,00","0,00","-0,91","0,00","0,00","0,00",2016-03-23,-
MCI.TechVentures 1.0. seria A1 (MCI.PrivateVentures FIZ),"173,64",PLN,"0,00","0,00","-0,44","0,00","0,00","0,00",2016-03-23,-
MCI.TechVentures 1.0. seria B1 (MCI.PrivateVentures FIZ),"230,33",PLN,"0,00","0,00","-0,95","0,00","0,00","0,00",2016-03-23,-
MCI.TechVentures 1.0. seria C1 (MCI.PrivateVentures FIZ),"232,62",PLN,"0,00","0,00","-0,95","0,00","0,00","0,00",2016-03-23,-
MCI.TechVentures 1.0. seria D1 (MCI.PrivateVentures FIZ),"233,71",PLN,"0,00","0,00","-0,95","0,00","0,00","0,00",2016-03-23,-
MCI.TechVentures 1.0. seria E (MCI.PrivateVentures FIZ),"212,44",PLN,"0,00","0,00","-0,91","0,00","0,00","0,00",2016-03-23,-
MCI.TechVentures 1.0. seria E1 (MCI.PrivateVentures FIZ),"236,76",PLN,"0,00","0,00","-0,95","0,00","0,00","0,00",2016-03-23,-
MCI.TechVentures 1.0. seria F1 (MCI.PrivateVentures FIZ),"237,88",PLN,"0,00","0,00","-0,95","0,00","0,00","0,00",2016-03-23,-
MCI.TechVentures 1.0. seria G1 (MCI.PrivateVentures FIZ),"236,37",PLN,"0,00","0,00","-0,95","0,00","0,00","0,00",2016-03-23,-
MCI.TechVentures 1.0. seria H (MCI.PrivateVentures FIZ),"199,44",PLN,"0,00","0,00","-0,95","0,00","0,00","0,00",2016-03-23,-
MCI.TechVentures 1.0. seria H1 (MCI.PrivateVentures FIZ),"239,05",PLN,"0,00","0,00","-0,95","0,00","0,00","0,00",2016-03-23,-
MCI.TechVentures 1.0. seria I (MCI.PrivateVentures FIZ),"199,44",PLN,"0,00","0,00","-0,95","0,00","0,00","0,00",2016-03-23,-
MCI.TechVentures 1.0. seria I1 (MCI.PrivateVentures FIZ),"240,68",PLN,"0,00","0,00","-0,95","0,00","0,00","0,00",2016-03-23,-
MCI.TechVentures 1.0. seria J (MCI.PrivateVentures FIZ),"215,70",PLN,"0,00","0,00","-0,93","0,00","0,00","0,00",2016-03-23,-
MCI.TechVentures 1.0. seria J1 (MCI.PrivateVentures FIZ),"240,82",PLN,"0,00","0,00","-0,95","0,00","0,00","0,00",2016-03-23,-
MCI.TechVentures 1.0. seria K (MCI.PrivateVentures FIZ),"180,14",PLN,"0,00","0,00","-0,95","0,00","0,00","0,00",2016-03-23,-
MCI.TechVentures 1.0. seria K1 (MCI.PrivateVentures FIZ),"242,64",PLN,"0,00","0,00","-0,95","0,00","0,00","0,00",2016-03-23,-
MCI.TechVentures 1.0. seria L (MCI.PrivateVentures FIZ),"202,98",PLN,"0,00","0,00","-0,95","0,00","0,00","0,00",2016-03-23,-
MCI.TechVentures 1.0. seria L1 (MCI.PrivateVentures FIZ),"242,31",PLN,"0,00","0,00","-0,95","0,00","0,00","0,00",2016-03-23,-
MCI.TechVentures 1.0. seria M (MCI.PrivateVentures FIZ),"204,64",PLN,"0,00","0,00","-0,93","0,00","0,00","0,00",2016-03-23,-
MCI.TechVentures 1.0. seria M1 (MCI.PrivateVentures FIZ),"241,93",PLN,"0,00","0,00","-0,95","0,00","0,00","0,00",2016-03-23,-
MCI.TechVentures 1.0. seria N (MCI.PrivateVentures FIZ),"223,22",PLN,"0,00","0,00","-0,95","0,00","0,00","0,00",2016-03-23,-
MCI.TechVentures 1.0. seria N1 (MCI.PrivateVentures FIZ),"242,31",PLN,"0,00","0,00","-0,95","1,07","0,00","0,00",2016-03-23,-
MCI.TechVentures 1.0. seria O (MCI.PrivateVentures FIZ),"224,06",PLN,"0,00","0,00","-0,93","0,00","0,00","0,00",2016-03-23,-
MCI.TechVentures 1.0. seria O1 (MCI.PrivateVentures FIZ),"242,32",PLN,"0,00","0,00","-0,95","1,07","0,00","0,00",2016-03-23,-
MCI.TechVentures 1.0. seria P (MCI.PrivateVentures FIZ),"235,49",PLN,"0,00","0,00","-0,91","0,00","0,00","0,00",2016-03-23,-
MCI.TechVentures 1.0. seria P1 (MCI.PrivateVentures FIZ),"241,43",PLN,"0,00","0,00","-0,95","0,74","0,00","0,00",2016-03-23,-
MCI.TechVentures 1.0. seria R (MCI.PrivateVentures FIZ),"232,90",PLN,"0,00","0,00","-0,94","0,00","0,00","0,00",2016-03-23,-
MCI.TechVentures 1.0. seria R1 (MCI.PrivateVentures FIZ),"239,08",PLN,"0,00","0,00","-0,95","0,00","0,00","0,00",2016-03-23,-
MCI.TechVentures 1.0. seria S (MCI.PrivateVentures FIZ),"233,12",PLN,"0,00","0,00","-0,93","0,00","0,00","0,00",2016-03-23,-
MCI.TechVentures 1.0. seria S1 (MCI.PrivateVentures FIZ),"244,33",PLN,"0,00","0,00","0,00","0,00","0,00","0,00",2016-03-23,-
MCI.TechVentures 1.0. seria T (MCI.PrivateVentures FIZ),"227,96",PLN,"0,00","0,00","-0,95","0,00","0,00","0,00",2016-03-23,-
MCI.TechVentures 1.0. seria U (MCI.PrivateVentures FIZ),"229,68",PLN,"0,00","0,00","-0,95","0,00","0,00","0,00",2016-03-23,-
MCI.TechVentures 1.0. seria W (MCI.PrivateVentures FIZ),"227,21",PLN,"0,00","0,00","-0,95","0,00","0,00","0,00",2016-03-23,-
MCI.TechVentures 1.0. seria Y (MCI.PrivateVentures FIZ),"224,95",PLN,"0,00","0,00","-0,95","0,00","0,00","0,00",2016-03-23,-
MCI.TechVentures 1.0. seria Z (MCI.PrivateVentures FIZ),"231,61",PLN,"0,00","0,00","-0,95","0,00","0,00","0,00",2016-03-23,-
Medyczny Publiczny FIZ,"98,30",PLN,"0,00","0,00","-0,39","-1,72","0,00","0,00",2016-03-23,-
MetLife Akcji (Krajowy FIO),"14,15",PLN,"0,35","1,95","5,20","3,66","-16,52","-7,27",2016-03-22,
MetLife Akcji Amerykańskich (Światowy SFIO),"11,31",PLN,"0,18","1,62","5,90","0,62","-6,22","50,40",2016-03-22,-
MetLife Akcji Amerykańskich (USD) (Światowy SFIO),"2,98",USD,"-0,26","3,34","9,76","2,69","-4,64","28,06",2016-03-22,-
MetLife Akcji Chińskich i Azjatyckich (Światowy SFIO),"10,65",PLN,"-0,09","2,80","5,97","0,85","-7,31","35,50",2016-03-22,-
MetLife Akcji Chińskich i Azjatyckich (USD) (Światowy SFIO),"2,80",USD,"-0,53","4,54","9,84","2,93","-5,75","15,38",2016-03-22,-
MetLife Akcji Małych Spółek (Światowy SFIO),"7,46",PLN,"0,27","2,90","5,52","3,76","-3,12","16,56",2016-03-22,
MetLife Akcji Nowa Europa (Światowy SFIO),"7,77",PLN,"0,00","2,78","7,47","7,32","-10,69","-12,30",2016-03-22,
MetLife Akcji Polskich (Światowy SFIO),"5,55",PLN,"0,54","1,83","4,52","2,78","-13,69","-2,80",2016-03-22,
MetLife Akcji Rynków Rozwiniętych (Światowy SFIO),"6,96",PLN,"0,00","0,58","3,42","4,35","-5,18","24,96",2016-03-22,
MetLife Akcji Rynków Rozwiniętych (USD) (Światowy SFIO),"1,83",USD,"-0,44","2,28","7,19","6,50","-3,58","6,40",2016-03-22,-
MetLife Akcji Rynków Wschodzących (Światowy SFIO),"7,78",PLN,"0,26","3,18","7,16","5,85","-8,04","2,50",2016-03-22,-
MetLife Akcji Rynków Wschodzących (USD) (Światowy SFIO),"2,05",USD,"-0,18","4,93","11,07","8,03","-6,49","-12,72",2016-03-22,-
MetLife Akcji Średnich Spółek (Krajowy FIO),"7,76",PLN,"-0,13","1,17","3,47","-0,13","-12,12","15,99",2016-03-22,
MetLife Aktywnej Alokacji (Krajowy FIO),"7,31",PLN,"0,27","1,11","2,38","2,38","-7,59","-0,54",2016-03-22,
MetLife FIZ ONE,"848,63",PLN,"0,00","0,00","-0,18","0,00","0,00","0,00",2016-03-23,
MetLife Lokacyjny (Światowy SFIO),"14,30",PLN,"0,07","0,07","0,28","0,56","1,56","7,44",2016-03-22,
MetLife Obligacji Plus (Światowy SFIO),"16,04",PLN,"-0,06","0,12","0,44","0,94","0,31","11,39",2016-03-22,
MetLife Obligacji Skarbowych (Krajowy FIO),"20,67",PLN,"0,00","0,15","0,39","1,08","0,44","10,89",2016-03-22,
MetLife Obligacji Światowych (Światowy SFIO),"12,34",PLN,"0,24","0,65","2,15","5,92","3,96","18,88",2016-03-22,-
MetLife Obligacji Światowych (USD) (Światowy SFIO),"3,25",USD,"-0,20","2,36","5,88","8,10","5,71","1,23",2016-03-22,-
MetLife Ochrony Wzrostu (Światowy SFIO),"8,41",PLN,"0,12","0,36","0,60","-0,12","-8,39","-12,76",2016-03-22,-
MetLife Pieniężny (Krajowy FIO),"16,19",PLN,"0,06","0,06","0,25","0,62","1,50","8,29",2016-03-22,
MetLife Stabilnego Wzrostu (Krajowy FIO),"15,75",PLN,"0,13","0,90","2,14","2,27","-5,23","2,47",2016-03-22,
MetLife Zrównoważony Azjatycki (Światowy SFIO),"14,71",PLN,"0,20","2,08","5,15","2,94","-3,29","18,63",2016-03-22,-
MetLife Zrównoważony Azjatycki (USD) (Światowy SFIO),"3,87",USD,"-0,24","3,81","8,98","5,06","-1,66","1,01",2016-03-22,-
MetLife Zrównoważony Nowa Europa (Krajowy FIO),"10,70",PLN,"0,00","1,52","3,68","5,52","-5,39","-3,26",2016-03-22,-
Metrum FIZ,"956,19",PLN,"0,00","0,00","2,05","2,34","0,00","0,00",2016-03-23,-
Mezzanine FIZ AN,"1 086,07",PLN,"0,00","0,00","0,70","0,00","0,00","0,00",2016-03-23,-
Millennium Absolute Return (EUR) (Millennium SFIO),"27,17",EUR,"0,00","0,48","3,98","-2,20","-5,50","8,94",2016-03-22,-
Millennium Absolute Return (Millennium SFIO),"115,72",PLN,"-0,04","-0,08","1,46","-1,77","-2,42","10,84",2016-03-22,-
Millennium Absolute Return (USD) (Millennium SFIO),"30,45",USD,"-0,49","1,64","5,15","0,26","-0,78","-5,61",2016-03-22,-
Millennium Akcji (Millennium FIO),"190,10",PLN,"0,09","0,75","3,39","-0,11","-13,80","-0,90",2016-03-22,
Millennium Cyklu Koniunkturalnego (Millennium FIO),"147,07",PLN,"-0,05","0,41","2,30","-1,79","-14,29","0,00",2016-03-22,
Millennium Depozytowy (Millennium FIO),"176,03",PLN,"-0,01","0,03","0,20","0,66","0,99","5,25",2016-03-22,
Millennium Dynamicznych Spółek (Millennium FIO),"86,15",PLN,"-0,07","0,26","2,73","-0,40","-3,67","28,16",2016-03-22,
Millennium Globalny Akcji (EUR) (Millennium SFIO),"31,24",EUR,"0,16","0,39","5,58","-5,85","-13,92","0,00",2016-03-22,-
Millennium Globalny Akcji (Millennium SFIO),"133,07",PLN,"0,15","-0,16","3,00","-5,44","-11,12","0,00",2016-03-22,
Millennium Globalny Akcji (USD) (Millennium SFIO),"35,01",USD,"-0,31","1,54","6,74","-3,50","-9,63","0,00",2016-03-22,-
Millennium Globalny Stabilnego Wzrostu (EUR) (Millennium SFIO),"42,01",EUR,"0,05","0,70","5,61","-2,07","-8,63","0,00",2016-03-22,-
Millennium Globalny Stabilnego Wzrostu (Millennium SFIO),"178,91",PLN,"0,01","0,13","3,02","-1,67","-5,69","0,00",2016-03-22,-
Millennium Globalny Stabilnego Wzrostu (USD) (Millennium SFIO),"47,08",USD,"-0,42","1,84","6,78","0,36","-4,09","0,00",2016-03-22,-
Millennium Globalny Strategii Alternatywnych (EUR) (Millennium SFIO),"24,48",EUR,"0,20","0,99","5,79","-2,63","-11,82","0,00",2016-03-22,-
Millennium Globalny Strategii Alternatywnych (Millennium SFIO),"104,26",PLN,"0,17","0,43","3,23","-2,22","-8,97","0,00",2016-03-22,-
Millennium Globalny Strategii Alternatywnych (USD) (Millennium SFIO),"27,43",USD,"-0,29","2,12","6,98","-0,22","-7,46","0,00",2016-03-22,-
Millennium Instrumentów Dłużnych (Millennium FIO),"102,60",PLN,"0,09","0,22","1,62","0,90","0,21","0,00",2016-03-22,-
Millennium Obligacji Korporacyjnych (EUR) (Millennium SFIO),"30,85",EUR,"0,10","0,72","4,54","0,10","-2,68","7,60",2016-03-22,-
Millennium Obligacji Korporacyjnych (Millennium SFIO),"131,40",PLN,"0,08","0,18","2,00","0,52","0,47","9,47",2016-03-22,
Millennium Obligacji Korporacyjnych (USD) (Millennium SFIO),"34,57",USD,"-0,37","1,86","5,72","2,58","2,16","-6,79",2016-03-22,-
Millennium Stabilnego Wzrostu (Millennium FIO),"137,59",PLN,"-0,03","0,38","1,56","0,50","-6,15","-0,11",2016-03-22,
MM Prime Akcji FIZ,"1 010,00",PLN,"0,00","1,68","6,93","0,00","0,00","0,00",2016-03-23,-
MM Prime Depozytowy FIZ,"1 067,56",PLN,"0,00","0,07","0,29","0,00","0,00","0,00",2016-03-23,
NN (L) Ameryki Łacińskiej (NN SFIO),"54,86",PLN,"0,29","7,80","15,37","14,08","-12,91","-38,44",2016-03-22,-
NN (L) Depozytowy (NN SFIO),"113,50",PLN,"-0,01","-0,01","0,09","0,71","0,72","5,44",2016-03-22,
NN (L) Dynamiczny Globalnej Alokacji (NN SFIO),"148,17",PLN,"-0,21","0,76","0,00","0,00","0,00","0,00",2016-03-22,-
NN (L) Europejski Spółek Dywidendowych (NN SFIO),"144,41",PLN,"-0,21","-0,53","3,00","-5,54","-17,39","15,96",2016-03-22,-
NN (L) Globalny Długu Korporacyjnego (NN SFIO),"152,11",PLN,"0,02","0,96","6,33","3,32","-4,02","3,55",2016-03-22,-
NN (L) Globalny Spółek Dywidendowych (NN SFIO),"190,36",PLN,"0,08","-0,05","4,66","-1,77","-10,94","28,69",2016-03-22,
NN (L) Globalnych Możliwości (NN SFIO),"148,46",PLN,"0,75","5,57","3,83","-9,47","-8,94","27,40",2016-03-02,
NN (L) Japonia (NN SFIO),"161,67",PLN,"1,85","-0,32","4,82","-14,74","-15,19","27,51",2016-03-22,-
NN (L) Nowej Azji (NN SFIO),"105,33",PLN,"-0,11","2,68","6,90","0,37","-9,28","-4,77",2016-03-22,
NN (L) Obligacji Rynków Wschodzących (Waluta Lokalna) (NN SFIO),"86,71",PLN,"-0,45","2,88","6,08","7,77","-5,41","-22,97",2016-03-22,-
NN (L) Obligacyjny Globalnej Alokacji (NN SFIO),"107,19",PLN,"0,01","-0,20","0,00","0,00","0,00","0,00",2016-03-22,-
NN (L) Senior Loans FIZ,"1 036,93",PLN,"0,07","0,39","2,18","0,00","0,00","0,00",2016-03-22,
NN (L) Spółek Dywidendowych Rynków Wschodzących (NN SFIO),"91,55",PLN,"0,13","3,34","8,46","1,28","-17,25","-3,90",2016-03-22,
NN (L) Spółek Dywidendowych USA (NN SFIO),"164,00",PLN,"0,01","1,88","6,62","2,60","-4,07","14,49",2016-03-22,-
NN (L) Stabilny Globalnej Alokacji (NN SFIO),"112,89",PLN,"0,01","0,53","1,28","0,41","-3,88","0,00",2016-03-22,-
NN (L) Stabilny Globalnej Alokacji EUR (EUR) (NN SFIO),"101,65",EUR,"0,00","0,47","1,16","0,11","-5,13","0,00",2016-03-22,-
NN (L) Zagranicznych Obligacji Rynków Wschodzących (NN SFIO),"106,72",PLN,"0,27","1,74","2,65","-0,99","-0,12","4,40",2016-03-02,-
NN Akcji (NN FIO),"275,36",PLN,"0,06","1,99","4,57","3,13","-8,94","8,23",2016-03-22,
NN Akcji Środkowoeuropejskich (NN FIO),"155,39",PLN,"-1,04","1,11","4,79","4,34","-9,16","4,83",2016-03-22,
NN Gotówkowy (NN FIO),"259,86",PLN,"-0,02","-0,01","0,08","0,71","0,83","5,86",2016-03-22,-
NN Lokacyjny Plus (NN FIO),"121,48",PLN,"0,03","0,16","0,69","1,33","0,82","0,00",2016-03-22,
NN Obligacji (NN FIO),"288,24",PLN,"-0,08","0,18","0,76","2,30","0,75","10,32",2016-03-22,-
NN Perspektywa 2020 (NN Perspektywa SFIO),"118,97",PLN,"0,03","0,30","1,61","0,90","-1,70","9,11",2016-03-22,-
NN Perspektywa 2025 (NN Perspektywa SFIO),"119,04",PLN,"0,07","0,43","2,22","0,59","-3,08","9,29",2016-03-22,-
NN Perspektywa 2030 (NN Perspektywa SFIO),"117,41",PLN,"0,09","0,48","2,45","0,31","-4,09","8,65",2016-03-22,-
NN Perspektywa 2035 (NN Perspektywa SFIO),"116,57",PLN,"0,10","0,54","2,66","0,06","-4,93","8,56",2016-03-22,-
NN Perspektywa 2040 (NN Perspektywa SFIO),"115,15",PLN,"0,12","0,58","2,86","-0,23","-5,75","7,80",2016-03-22,-
NN Perspektywa 2045 (NN Perspektywa SFIO),"114,05",PLN,"0,14","0,63","3,04","-0,38","-6,19","7,98",2016-03-22,-
NN Selektywny (NN FIO),"71,61",PLN,"0,07","1,98","4,43","2,98","-9,40","15,43",2016-03-22,
NN SFIO Akcji 2,"332,31",PLN,"0,01","1,85","4,26","2,20","-9,73","10,75",2016-03-22,
NN SFIO Obligacji 2,"270,96",PLN,"-0,03","0,11","0,79","2,36","0,00","0,00",2016-03-22,-
NN Średnich i Małych Spółek (NN FIO),"175,98",PLN,"-0,02","1,56","4,10","2,29","-2,69","37,43",2016-03-22,-
NN Stabilnego Wzrostu (NN FIO),"251,16",PLN,"-0,02","0,67","1,75","1,75","-3,45","5,35",2016-03-22,
NN Zrównoważony (NN FIO),"292,31",PLN,"-0,01","1,14","2,88","2,83","-4,61","8,65",2016-03-22,
Noble Fund Africa and Frontier (Noble Funds SFIO),"45,19",PLN,"-0,29","1,66","3,81","6,96","-17,26","-37,25",2016-03-22,-
Noble Fund Akcji (Noble Funds FIO),"114,34",PLN,"-0,10","0,73","2,67","-1,86","-12,28","-4,66",2016-03-22,
Noble Fund Akcji Małych i Średnich Spółek (Noble Funds FIO),"87,98",PLN,"-0,57","0,80","1,93","-3,05","-1,83","21,99",2016-03-22,
Noble Fund Dywidendowy FIZ,"81,79",PLN,"0,00","0,00","4,60","0,00","0,00","0,00",2016-03-23,
Noble Fund Global Return (Noble Funds FIO),"113,79",PLN,"-0,26","0,54","0,88","-3,45","-8,35","-2,69",2016-03-22,-
Noble Fund Long Short FIZ,"954,69",PLN,"0,00","0,00","-3,62","0,00","0,00","0,00",2016-03-23,-
Noble Fund Mieszany (Noble Funds FIO),"141,32",PLN,"-0,23","0,39","1,27","-2,24","-4,96","8,60",2016-03-22,-
Noble Fund Obligacji (Noble Funds FIO),"107,52",PLN,"-0,02","0,00","0,20","1,20","0,56","0,00",2016-03-22,
Noble Fund Opportunity FIZ,"1 181,25",PLN,"0,00","0,00","1,90","0,00","0,00","0,00",2016-03-23,-
Noble Fund Pieniężny (Noble Funds FIO),"136,00",PLN,"-0,04","-0,01","-0,01","0,59","0,28","0,00",2016-03-22,
Noble Fund Stabilnego Wzrostu Plus (Noble Funds FIO),"141,59",PLN,"-0,25","-0,18","0,58","-0,13","-0,88","18,74",2016-03-22,
Noble Fund Timingowy (Noble Funds FIO),"140,80",PLN,"-0,02","0,57","1,35","-0,16","-0,26","5,14",2016-03-22,
Novo Akcji (Novo FIO),"158,90",PLN,"1,36","3,08","8,27","2,42","-28,16","-20,03",2016-03-23,
Novo Akcji Globalnych (Novo FIO),"99,77",PLN,"0,20","1,38","3,51","-2,34","-9,82","0,00",2016-03-23,
Novo Aktywnej Alokacji (Novo FIO),"85,71",PLN,"1,35","2,92","7,97","6,60","-10,45","-13,76",2016-03-23,
Novo Gotówkowy (Novo FIO),"139,07",PLN,"-0,01","-0,01","0,02","0,83","1,08","8,09",2016-03-23,-
Novo Obligacji Przedsiębiorstw (Novo FIO),"228,16",PLN,"0,01","-0,03","0,16","1,05","0,46","0,00",2016-03-23,
Novo Papierów Dłużnych (Novo FIO),"203,24",PLN,"-0,03","-0,12","0,00","1,31","-0,89","9,95",2016-03-23,
Novo Rentier FIZ,"927,02",PLN,"0,00","0,46","3,09","0,00","0,00","0,00",2016-03-23,-
Novo Stabilnego Wzrostu (Novo FIO),"186,84",PLN,"0,51","1,13","4,03","2,78","-11,14","-6,38",2016-03-23,
Novo Zrównoważonego Wzrostu (Novo FIO),"158,45",PLN,"0,91","2,13","6,59","3,49","-19,73","-15,36",2016-03-23,
Obligacyjny FIZ,"1 042,34",PLN,"0,00","0,00","-1,63","0,00","0,00","0,00",2016-03-23,-
Open Finance Absolute Return FIZ,"1 014,21",PLN,"0,00","0,00","0,00","0,00","0,00","0,00",2016-03-23,-
Open Finance Akcji (Open Finance FIO),"99,08",PLN,"0,32","1,93","2,93","-0,23","-14,22","-4,43",2016-03-22,
Open Finance Akcji Małych i Średnich Spółek (Open Finance FIO),"129,23",PLN,"-0,16","1,13","2,88","0,19","-3,02","21,04",2016-03-22,
Open Finance Aktywnej Alokacji (Open Finance FIO),"95,18",PLN,"0,06","0,60","0,88","1,92","-5,96","-11,34",2016-03-22,
Open Finance Obligacji (Open Finance FIO),"108,70",PLN,"-0,05","-0,01","0,06","0,49","-2,44","6,29",2016-03-22,
Open Finance Obligacji Przedsiębiorstw FIZ AN seria C,"1 072,21",PLN,"0,00","0,00","0,75","0,67","4,07","0,00",2016-03-23,
Open Finance Pieniężny (Open Finance FIO),"112,90",PLN,"0,02","0,03","0,23","0,67","1,37","0,00",2016-03-22,
Open Finance Stabilnego Wzrostu (Open Finance FIO),"108,10",PLN,"0,03","0,39","0,79","0,72","-5,69","1,32",2016-03-22,
Open Finance Surowcowy FIZ,"103,46",PLN,"0,00","0,00","-0,12","0,00","0,00","0,00",2016-03-23,-
Opera Alfa-plus.pl (Opera SFIO),"14,11",PLN,"0,00","0,28","3,45","4,36","-6,93","1,51",2016-03-22,-
Opera Avista-plus.pl (Opera SFIO),"15,98",PLN,"0,00","-0,44","0,25","1,52","2,04","10,59",2016-03-22,-
Opera Avista.pl (Opera FIO),"18,43",PLN,"0,00","-0,11","-0,16","1,49","0,99","12,31",2016-03-23,
Opera Equilibrium.pl (Opera FIO),"10,92",PLN,"0,83","1,96","5,10","0,18","-18,51","-12,43",2016-03-23,
Opera FIZ,"38 632,50",PLN,"0,00","0,00","0,00","0,00","0,00","0,00",2016-03-23,-
Opera NGO SFIO,"10,02",PLN,"0,00","0,50","1,73","4,38","-0,89","-6,36",2016-03-23,-
Opera Pecunia.pl (Opera FIO),"12,62",PLN,"0,00","0,00","0,00","0,64","0,64","7,50",2016-03-23,
Opera Tutus-plus (Opera SFIO),"12,22",PLN,"0,00","-0,33","0,33","1,66","1,49","0,00",2016-03-22,
Opera Universa.pl (Opera FIO),"6,62",PLN,"1,07","3,12","9,42","2,48","-29,57","-28,82",2016-03-23,-
Opera Za 3 Grosze FIZ,"233,04",PLN,"0,00","0,00","0,25","0,00","0,00","0,00",2016-03-23,-
Opoka Akcji 130/30 (Opoka Omega FIZ),"98,18",PLN,"0,00","0,00","2,69","0,00","0,00","0,00",2016-03-23,-
Opoka Alfa (Opoka Omega FIZ),"107,62",PLN,"0,00","0,00","2,67","0,00","0,00","0,00",2016-03-23,-
Opoka Neutral (Opoka Omega FIZ),"111,03",PLN,"0,00","0,00","0,19","0,00","0,00","0,00",2016-03-23,-
Opoka One FIZ,"137,33",PLN,"0,00","0,00","0,00","0,00","0,00","0,00",2016-03-23,-
Optimum Akcji (Optimum FIO),"8,03",PLN,"0,12","2,29","6,36","4,02","-18,64","0,00",2016-03-22,
Optimum Gotówkowy (Optimum FIO),"10,15",PLN,"-0,10","-0,10","0,00","-0,39","-0,98","0,00",2016-03-22,
Optimum Obligacji (Optimum FIO),"10,34",PLN,"-0,10","-0,10","0,19","1,08","-0,58","0,00",2016-03-22,
Pioneer Akcji - Aktywna Selekcja (Pioneer FIO),"9,15",PLN,"0,11","1,89","6,52","3,27","-18,08","-4,29",2016-03-22,
Pioneer Akcji Amerykańskich (Pioneer Walutowy FIO),"98,43",PLN,"0,38","-0,18","0,86","-2,93","-10,08","36,63",2016-03-22,-
Pioneer Akcji Amerykańskich (USD) (Pioneer Walutowy FIO),"25,90",USD,"-0,08","1,53","4,56","-0,92","-8,55","16,35",2016-03-22,-
Pioneer Akcji Europejskich (EUR) (Pioneer Walutowy FIO),"10,78",EUR,"0,00","0,09","3,55","-4,94","-13,83","17,43",2016-03-22,-
Pioneer Akcji Europejskich (Pioneer Walutowy FIO),"45,92",PLN,"-0,02","-0,43","1,01","-4,55","-11,06","19,55",2016-03-22,-
Pioneer Akcji Europy Wschodniej (Pioneer Funduszy Globalnych SFIO),"5,62",PLN,"0,18","3,31","14,00","6,84","-5,86","-23,64",2016-03-22,
Pioneer Akcji Małych i Średnich Spółek Rynków Rozwiniętych (Pioneer Funduszy Globalnych SFIO),"10,98",PLN,"0,09","0,83","3,39","-4,52","-9,85","30,87",2016-03-22,-
Pioneer Akcji Polskich (Pioneer FIO),"19,63",PLN,"0,20","1,66","4,86","1,60","-18,85","-10,20",2016-03-22,-
Pioneer Akcji Rynków Dalekiego Wschodu (Pioneer Funduszy Globalnych SFIO),"8,22",PLN,"0,24","2,24","5,93","-4,08","-11,61","1,73",2016-03-22,-
Pioneer Akcji Rynków Wschodzących (Pioneer Funduszy Globalnych SFIO),"6,11",PLN,"-0,33","2,86","10,29","1,49","-9,62","-22,36",2016-03-22,-
Pioneer Alternatywny - Absolutnej Stopy Zwrotu (Pioneer Funduszy Globalnych SFIO),"9,83",PLN,"0,10","0,51","1,55","0,00","0,00","0,00",2016-03-22,-
Pioneer Alternatywny - Globalnego Dochodu (Pioneer Funduszy Globalnych SFIO),"9,61",PLN,"0,10","0,63","2,56","0,84","-3,71","0,00",2016-03-22,-
Pioneer Dochodu i Wzrostu Regionu Pacyfiku (Pioneer Funduszy Globalnych SFIO),"13,95",PLN,"0,36","1,45","4,97","-0,21","-4,58","6,49",2016-03-22,-
Pioneer Dochodu i Wzrostu Rynku Chińskiego (Pioneer Funduszy Globalnych SFIO),"14,91",PLN,"0,00","1,64","4,27","-2,74","-8,47","4,12",2016-03-22,-
Pioneer Dynamicznych Spółek (Pioneer FIO),"17,03",PLN,"-0,29","0,77","3,53","-2,46","-8,83","21,82",2016-03-22,
Pioneer Elastycznego Inwestowania (Pioneer Strategie Funduszowe SFIO),"11,04",PLN,"0,00","0,64","1,85","0,09","-4,25","-0,09",2016-03-22,-
Pioneer Global Multi-Asset Target Income FIZ,"938,19",PLN,"0,14","0,33","2,32","0,00","0,00","0,00",2016-03-22,
Pioneer Gotówkowy (Pioneer Funduszy Globalnych SFIO),"11,97",PLN,"-0,08","0,00","0,08","0,34","1,01","5,93",2016-03-22,
Pioneer Konsumpcji i Wzrostu Rynków Wschodzących FIZ,"961,19",PLN,"0,08","2,71","6,46","0,00","0,00","0,00",2016-03-22,
Pioneer Małych i Średnich Spółek Rynku Polskiego (Pioneer FIO),"8,67",PLN,"-0,46","0,23","2,12","-3,34","-11,35","16,38",2016-03-22,-
Pioneer Obligacji - Dynamiczna Alokacja 2 (Pioneer FIO),"11,74",PLN,"-0,09","0,00","0,34","1,38","0,95","12,56",2016-03-22,
Pioneer Obligacji - Dynamiczna Alokacja FIO,"135,90",PLN,"-0,05","-0,01","0,38","1,20","1,08","10,67",2016-03-22,
Pioneer Obligacji Dolarowych Plus (Pioneer Walutowy FIO),"71,23",PLN,"0,42","-1,01","-0,75","-0,42","-4,90","12,79",2016-03-22,-
Pioneer Obligacji Dolarowych Plus (USD) (Pioneer Walutowy FIO),"18,74",USD,"-0,05","0,64","2,85","1,63","-3,30","-3,95",2016-03-22,-
Pioneer Obligacji Europejskich Plus (EUR) (Pioneer Walutowy FIO),"10,54",EUR,"0,00","0,19","0,76","0,10","-2,50","3,13",2016-03-22,-
Pioneer Obligacji Europejskich Plus (Pioneer Walutowy FIO),"44,91",PLN,"0,02","-0,33","-1,69","0,56","0,74","4,93",2016-03-22,-
Pioneer Obligacji i Dochodu (Pioneer Funduszy Globalnych SFIO),"10,42",PLN,"0,19","0,29","3,37","2,36","0,00","0,00",2016-03-22,
Pioneer Obligacji Plus (Pioneer FIO),"56,06",PLN,"-0,07","0,02","0,38","1,15","0,68","0,00",2016-03-22,
Pioneer Obligacji Strategicznych (Pioneer Funduszy Globalnych SFIO),"17,10",PLN,"0,06","0,53","2,83","0,94","-1,16","5,30",2016-03-22,-
Pioneer Pieniężny (Pioneer FIO),"186,38",PLN,"-0,01","-0,01","0,19","0,38","0,90","5,88",2016-03-22,
Pioneer Pieniężny Plus (Pioneer FIO),"10,64",PLN,"0,00","0,00","0,19","0,47","1,24","0,00",2016-03-22,
Pioneer Stabilnego Inwestowania (Pioneer FIO),"11,47",PLN,"0,09","1,06","2,41","2,69","-7,50","2,32",2016-03-22,
Pioneer Stabilnego Wzrostu (Pioneer FIO),"187,70",PLN,"0,03","0,66","1,73","0,70","-5,51","-0,06",2016-03-22,
Pioneer Strategii Globalnej (Pioneer Strategie Funduszowe SFIO),"17,54",PLN,"0,06","0,29","2,39","-0,85","-6,90","11,86",2016-03-22,-
Pioneer Strategii Globalnej - konserwatywny (Pioneer Strategie Funduszowe SFIO),"10,24",PLN,"0,00","0,29","1,69","0,79","0,00","0,00",2016-03-22,-
Pioneer Surowców i Energii (Pioneer Funduszy Globalnych SFIO),"5,64",PLN,"0,18","1,26","5,82","5,22","-15,95","-32,94",2016-03-22,-
Pioneer Wzrostu i Dochodu Rynku Amerykańskiego (Pioneer Funduszy Globalnych SFIO),"10,09",PLN,"0,00","0,70","3,38","0,80","-0,39","0,00",2016-03-22,-
Pioneer Wzrostu i Dochodu Rynku Europejskiego (Pioneer Funduszy Globalnych SFIO),"10,72",PLN,"0,00","0,00","2,88","-2,28","-5,88","0,00",2016-03-22,-
Pioneer Zabezpieczony Rynku Polskiego (Pioneer Strategie Funduszowe SFIO),"11,20",PLN,"0,00","0,09","0,18","0,99","-1,75","2,19",2016-03-22,-
Pioneer Zmiennej Alokacji (Pioneer Strategie Funduszowe SFIO),"12,70",PLN,"0,00","0,24","0,40","0,63","-2,61","3,00",2016-03-22,-
Pioneer Zmiennej Alokacji - Rynki Europy Wschodniej (Pioneer Strategie Funduszowe SFIO),"9,83",PLN,"0,00","0,31","1,03","0,92","-2,58","-4,66",2016-03-22,-
Pioneer Zmiennej Alokacji - Rynki Wschodzące (Pioneer Strategie Funduszowe SFIO),"9,58",PLN,"0,00","0,31","0,95","0,84","-1,34","-3,72",2016-03-22,-
Pioneer Zmiennej Alokacji 2 (Pioneer Strategie Funduszowe SFIO),"11,47",PLN,"0,00","0,17","0,44","0,88","-2,30","3,80",2016-03-22,-
Pioneer Zmiennej Alokacji 3 (Pioneer Strategie Funduszowe SFIO),"11,55",PLN,"0,00","0,17","0,35","0,43","-3,19","5,67",2016-03-22,-
Pioneer Zmiennej Alokacji Rynku Amerykańskiego (Pioneer Strategie Funduszowe SFIO),"12,75",PLN,"-0,08","0,08","0,39","0,87","0,08","15,07",2016-03-22,-
Pioneer Zmiennej Alokacji Rynku Polskiego (Pioneer Strategie Funduszowe SFIO),"10,35",PLN,"0,00","0,19","0,39","0,39","-3,36","1,27",2016-03-22,-
Pioneer Zrównoważony (Pioneer FIO),"109,68",PLN,"0,04","0,90","2,75","-0,33","-11,76","-4,36",2016-03-22,-
Pioneer Zrównoważony Rynku Amerykańskiego (Pioneer Walutowy FIO),"49,43",PLN,"0,41","-0,60","-0,30","-2,29","-8,05","27,59",2016-03-22,-
Pioneer Zrównoważony Rynku Amerykańskiego (USD) (Pioneer Walutowy FIO),"13,01",USD,"0,00","1,09","3,34","-0,23","-6,47","8,69",2016-03-22,-
PKO Akcji Dywidendowych Globalny (Parasolowy FIO),"102,65",PLN,"-0,07","0,10","2,57","-1,03","0,00","0,00",2016-03-22,-
PKO Akcji Dywidendowych Globalny A1 (Parasolowy FIO),"103,01",PLN,"-0,07","0,11","2,63","-0,85","0,00","0,00",2016-03-22,-
PKO Akcji Małych i Średnich Spółek (Parasolowy FIO),"211,80",PLN,"0,08","1,21","4,30","-0,58","-4,77","30,43",2016-03-22,-
PKO Akcji Małych i Średnich Spółek A1 (Parasolowy FIO),"216,96",PLN,"0,08","1,23","4,38","-0,33","-3,81","33,61",2016-03-22,-
PKO Akcji Nowa Europa (Parasolowy FIO),"100,25",PLN,"-0,75","1,71","5,79","5,59","0,18","6,85",2016-03-22,-
PKO Akcji Nowa Europa A1 (Parasolowy FIO),"109,51",PLN,"-0,76","1,74","5,88","5,85","1,19","10,12",2016-03-22,-
PKO Akcji Plus (Parasolowy FIO),"77,44",PLN,"0,25","1,26","5,36","3,27","-7,17","17,17",2016-03-22,
PKO Akcji Plus A1 (Parasolowy FIO),"79,56",PLN,"0,25","1,29","5,46","3,54","-6,21","20,31",2016-03-22,-
PKO Akcji Rynków Wschodzących (Parasolowy FIO),"83,25",PLN,"0,19","3,93","7,56","1,41","0,00","0,00",2016-03-22,-
PKO Akcji Rynków Wschodzących A1 (Parasolowy FIO),"83,74",PLN,"0,19","3,96","7,65","1,68","0,00","0,00",2016-03-22,-
PKO Akcji Rynku Amerykańskiego (Parasolowy FIO),"95,62",PLN,"0,20","1,79","4,97","0,72","0,00","0,00",2016-03-22,-
PKO Akcji Rynku Amerykańskiego A1 (Parasolowy FIO),"96,18",PLN,"0,21","1,82","5,06","0,97","0,00","0,00",2016-03-22,-
PKO Akcji Rynku Azji i Pacyfiku (Parasolowy FIO),"86,74",PLN,"0,12","2,86","6,43","-0,34","0,00","0,00",2016-03-22,-
PKO Akcji Rynku Azji i Pacyfiku A1 (Parasolowy FIO),"87,25",PLN,"0,13","2,88","6,52","-0,09","0,00","0,00",2016-03-22,-
PKO Akcji Rynku Europejskiego (Parasolowy FIO),"85,54",PLN,"-0,15","-0,59","1,60","-4,99","0,00","0,00",2016-03-22,-
PKO Akcji Rynku Europejskiego A1 (Parasolowy FIO),"86,06",PLN,"-0,15","-0,58","1,67","-4,81","0,00","0,00",2016-03-22,-
PKO Akcji Rynku Japońskiego (Parasolowy FIO),"83,64",PLN,"1,33","0,31","4,54","-11,57","0,00","0,00",2016-03-22,-
PKO Akcji Rynku Japońskiego A1 (Parasolowy FIO),"84,13",PLN,"1,32","0,32","4,61","-11,35","0,00","0,00",2016-03-22,-
PKO Akcji Rynku Złota (Parasolowy FIO),"102,26",PLN,"-0,01","3,31","7,56","41,28","0,00","0,00",2016-03-22,-
PKO Akcji Rynku Złota A1 (Parasolowy FIO),"102,61",PLN,"0,00","3,33","7,60","41,47","0,00","0,00",2016-03-22,-
PKO Bezpieczna Lokata I FIZ,"105,88",PLN,"0,00","0,00","0,00","0,20","0,00","0,00",2016-03-23,-
PKO Dóbr Luksusowych Globalny (Parasolowy FIO),"151,34",PLN,"0,04","0,79","4,48","0,42","-0,89","24,37",2016-03-22,-
PKO Dóbr Luksusowych Globalny A1 (Parasolowy FIO),"154,89",PLN,"0,05","0,81","4,56","0,68","0,12","27,28",2016-03-22,-
PKO Europa Wschód-Zachód FIZ seria A,"107,17",PLN,"0,00","0,00","0,01","0,00","0,00","0,00",2016-03-23,-
PKO Europa Wschód-Zachód FIZ seria B,"107,74",PLN,"0,00","0,00","0,00","0,00","0,00","0,00",2016-03-23,-
PKO Europa Wschód-Zachód FIZ seria C,"105,28",PLN,"0,00","0,00","0,01","0,00","0,00","0,00",2016-03-23,-
PKO Europa Wschód-Zachód FIZ seria D,"106,75",PLN,"0,00","0,00","0,01","0,43","0,00","0,00",2016-03-23,-
PKO Globalnego Dochodu FIZ,"99,98",PLN,"0,00","0,00","0,00","-0,04","0,00","0,00",2016-03-23,-
PKO Globalnej Makroekonomii FIZ seria A,"1 380,10",PLN,"0,00","0,00","1,59","0,00","0,00","0,00",2016-03-23,-
PKO Globalnej Makroekonomii FIZ seria B,"1 345,69",PLN,"0,00","0,00","1,47","0,00","0,00","0,00",2016-03-23,-
PKO Globalnej Makroekonomii FIZ seria C,"1 359,87",PLN,"0,00","0,00","1,47","0,00","0,00","0,00",2016-03-23,-
PKO Globalnej Makroekonomii FIZ seria D,"1 345,32",PLN,"0,00","0,00","1,47","0,00","0,00","0,00",2016-03-23,-
PKO Globalnej Makroekonomii FIZ seria E,"1 359,05",PLN,"0,00","0,00","1,47","0,00","0,00","0,00",2016-03-23,-
PKO Globalnej Makroekonomii FIZ seria F,"1 380,56",PLN,"0,00","0,00","1,47","0,00","0,00","0,00",2016-03-23,-
PKO Globalnej Makroekonomii FIZ seria G,"1 368,04",PLN,"0,00","0,00","1,47","0,00","0,00","0,00",2016-03-23,-
PKO Globalnej Makroekonomii FIZ seria H,"1 384,21",PLN,"0,00","0,00","1,47","0,00","0,00","0,00",2016-03-23,-
PKO Globalnej Makroekonomii FIZ seria I,"1 394,35",PLN,"0,00","0,00","1,49","4,46","0,00","0,00",2016-03-23,-
PKO Globalnej Makroekonomii FIZ seria J,"1 358,72",PLN,"0,00","0,00","0,00","0,00","0,00","0,00",2016-03-23,-
PKO Globalnej Strategii FIZ,"107,42",PLN,"0,00","0,00","0,99","0,00","0,00","0,00",2016-03-23,-
PKO Infrastruktury i Budownictwa Globalny (Parasolowy FIO),"83,61",PLN,"0,26","1,43","6,43","1,43","0,67","7,23",2016-03-22,-
PKO Infrastruktury i Budownictwa Globalny A1 (Parasolowy FIO),"85,92",PLN,"0,27","1,45","6,52","1,67","1,69","10,20",2016-03-22,-
PKO Multi Strategia FIZ seria A,"98,09",PLN,"0,00","0,00","-0,14","0,00","0,00","0,00",2016-03-23,-
PKO Multi Strategia FIZ seria B,"98,92",PLN,"0,00","0,00","-0,14","0,00","0,00","0,00",2016-03-23,-
PKO Multi Strategia FIZ seria C,"98,83",PLN,"0,00","0,00","-0,14","0,00","0,00","0,00",2016-03-23,-
PKO Multi Strategia FIZ seria D,"98,60",PLN,"0,00","0,00","-0,14","-2,81","0,00","0,00",2016-03-23,-
PKO Nieruchomości Komercyjnych FIZ AN,"10,14",PLN,"0,00","0,00","0,00","0,00","0,00","0,00",2016-03-23,-
PKO Obligacji Długoterminowych (Parasolowy FIO),"201,56",PLN,"-0,17","-0,15","0,54","1,69","1,58","11,39",2016-03-22,
PKO Obligacji Długoterminowych A1 (Parasolowy FIO),"206,00",PLN,"-0,16","-0,15","0,56","1,74","1,97","12,93",2016-03-22,-
PKO Obligacji Korporacyjnych FIZ seria A,"119,80",PLN,"0,00","0,00","0,13","0,00","0,00","0,00",2016-03-23,-
PKO Obligacji Korporacyjnych FIZ seria B,"119,35",PLN,"0,00","0,00","0,13","0,00","0,00","0,00",2016-03-23,-
PKO Obligacji Korporacyjnych FIZ seria C,"118,85",PLN,"0,00","0,00","0,13","0,00","0,00","0,00",2016-03-23,-
PKO Obligacji Korporacyjnych FIZ seria D,"120,09",PLN,"0,00","0,00","0,13","0,00","0,00","0,00",2016-03-23,-
PKO Obligacji Korporacyjnych FIZ seria E,"119,45",PLN,"0,00","0,00","0,13","0,00","0,00","0,00",2016-03-23,-
PKO Obligacji Korporacyjnych FIZ seria F,"119,69",PLN,"0,00","0,00","0,00","0,00","0,00","0,00",2016-03-23,-
PKO Papierów Dłużnych Plus (Parasolowy FIO),"163,70",PLN,"-0,14","-0,18","0,40","1,25","1,03","7,43",2016-03-22,
PKO Papierów Dłużnych Plus A1 (Parasolowy FIO),"166,73",PLN,"-0,14","-0,17","0,42","1,30","1,40","8,91",2016-03-22,-
PKO Papierów Dłużnych USD (Parasolowy FIO),"106,29",PLN,"0,29","-1,04","-2,54","0,30","0,00","0,00",2016-03-22,-
PKO Papierów Dłużnych USD A1 (Parasolowy FIO),"106,46",PLN,"0,30","-1,04","-2,54","0,33","0,00","0,00",2016-03-22,-
PKO Płynnościowy SFIO,"11,25",PLN,"-0,09","-0,18","0,27","1,17","1,99","10,08",2016-03-22,
PKO Płynnościowy SFIO A1,"11,32",PLN,"-0,09","-0,09","0,18","1,16","2,17","10,76",2016-03-22,-
PKO Rynku Pieniężnego (Parasolowy FIO),"1 429,52",PLN,"-0,01","0,02","0,10","0,49","0,98","5,50",2016-03-22,-
PKO Rynku Pieniężnego A1 (Parasolowy FIO),"1 445,12",PLN,"-0,01","0,02","0,11","0,51","1,08","5,82",2016-03-22,-
PKO Skarbowy (Parasolowy FIO),"2 084,16",PLN,"-0,06","-0,11","0,30","1,09","1,41","6,81",2016-03-22,
PKO Skarbowy A1 (Parasolowy FIO),"2 131,97",PLN,"-0,06","-0,11","0,31","1,12","1,52","7,13",2016-03-22,-
PKO Spółek Innowacyjnych Globalny FIZ seria A,"114,44",PLN,"0,00","0,00","4,54","0,00","0,00","0,00",2016-03-23,-
PKO Spółek Innowacyjnych Globalny FIZ seria B,"107,79",PLN,"0,00","0,00","3,53","0,00","0,00","0,00",2016-03-23,-
PKO Spółek Innowacyjnych Globalny FIZ seria C,"114,66",PLN,"0,00","0,00","3,55","0,00","0,00","0,00",2016-03-23,-
PKO Stabilnego Wzrostu (Parasolowy FIO),"147,89",PLN,"0,01","0,24","2,07","1,65","-2,49","9,42",2016-03-22,-
PKO Stabilnego Wzrostu A1 (Parasolowy FIO),"157,18",PLN,"0,02","0,25","2,12","1,78","-1,99","11,08",2016-03-22,-
PKO Strategicznej Alokacji (Parasolowy FIO),"88,73",PLN,"-0,15","0,72","3,97","4,66","-2,95","3,34",2016-03-22,
PKO Strategicznej Alokacji A1 (Parasolowy FIO),"88,73",PLN,"-0,15","0,72","3,97","4,66","-2,95","3,34",2016-03-22,-
PKO Strategii Obligacyjnych FIZ,"103,55",PLN,"0,00","0,00","0,00","0,00","0,00","0,00",2016-03-23,-
PKO Surowców Globalny (Parasolowy FIO),"89,28",PLN,"-0,13","2,20","10,85","33,65","5,17","-9,85",2016-03-22,-
PKO Surowców Globalny A1 (Parasolowy FIO),"91,38",PLN,"-0,13","2,21","10,94","33,99","6,24","-7,73",2016-03-22,-
PKO Technologii i Innowacji Globalny (Parasolowy FIO),"171,51",PLN,"0,35","2,19","6,15","0,08","-0,65","43,99",2016-03-22,-
PKO Technologii i Innowacji Globalny A1 (Parasolowy FIO),"175,70",PLN,"0,35","2,21","6,23","0,33","0,36","47,51",2016-03-22,-
PKO Zabezpieczenia Emerytalnego 2020 (PKO Zabezpieczenia Emerytalnego SFIO),"11,19",PLN,"-0,18","-0,18","0,36","1,45","1,36","8,54",2016-03-22,-
PKO Zabezpieczenia Emerytalnego 2030 (PKO Zabezpieczenia Emerytalnego SFIO),"11,17",PLN,"0,00","0,63","2,20","1,55","-3,46","8,55",2016-03-22,-
PKO Zabezpieczenia Emerytalnego 2040 (PKO Zabezpieczenia Emerytalnego SFIO),"10,82",PLN,"0,00","0,93","2,75","1,79","-6,16","6,39",2016-03-22,-
PKO Zabezpieczenia Emerytalnego 2050 (PKO Zabezpieczenia Emerytalnego SFIO),"11,28",PLN,"0,27","1,62","4,74","2,83","-5,13","11,57",2016-03-22,-
PKO Zabezpieczenia Emerytalnego 2060 (PKO Zabezpieczenia Emerytalnego SFIO),"11,46",PLN,"0,17","1,60","4,66","2,69","-5,83","11,26",2016-03-22,-
PKO Zrównoważony (Parasolowy FIO),"126,00",PLN,"0,05","0,41","3,06","2,04","-4,05","8,63",2016-03-22,-
PKO Zrównoważony A1 (Parasolowy FIO),"142,31",PLN,"0,05","0,44","3,15","2,32","-2,99","12,27",2016-03-22,-
Pragma 1 FIZ NFS,"104,54",PLN,"0,00","0,00","0,56","5,06","23,56","0,00",2016-03-23,-
Pretium SFIO,"9,53",PLN,"0,00","0,00","-0,21","-0,63","-2,16","-4,70",2016-03-18,-
Provide Able 2 Trend FIZ,"82,87",PLN,"0,00","0,00","-1,44","0,00","0,00","0,00",2016-03-23,-
PZU Akcji KRAKOWIAK (PZU FIO Parasolowy),"89,15",PLN,"0,09","1,77","4,38","2,19","-16,22","-11,21",2016-03-22,
PZU Akcji Małych i Średnich Spółek (PZU FIO Parasolowy),"47,16",PLN,"-0,06","1,53","4,47","1,46","-4,15","11,59",2016-03-22,
PZU Akcji Nowa Europa (PZU FIO Parasolowy),"43,44",PLN,"0,02","2,12","6,52","4,67","-5,91","-9,89",2016-03-22,-
PZU Akcji Rynków Rozwiniętych (EUR) (GI SFIO),"41,34",EUR,"0,41","1,05","6,44","-2,29","-11,34","23,51",2016-03-22,-
PZU Akcji Rynków Rozwiniętych (GI SFIO),"176,05",PLN,"0,37","0,49","3,82","-1,89","-8,49","25,65",2016-03-22,
PZU Akcji Rynków Wschodzących (EUR) (GI SFIO),"21,69",EUR,"0,09","4,83","12,97","1,78","-17,47","-24,74",2016-03-22,-
PZU Akcji Rynków Wschodzących (GI SFIO),"92,36",PLN,"0,02","4,23","10,20","2,18","-14,81","-23,43",2016-03-22,-
PZU Akcji Spółek Dywidendowych (EUR) (GI SFIO),"23,20",EUR,"0,26","4,13","10,27","6,96","10,06","15,37",2016-03-22,-
PZU Akcji Spółek Dywidendowych (GI SFIO),"98,79",PLN,"0,22","3,53","7,56","7,37","13,60","17,37",2016-03-22,
PZU Dłużny Rynków Wschodzących (EUR) (GI SFIO),"30,28",EUR,"0,03","1,17","4,20","1,88","-2,23","9,31",2016-03-22,-
PZU Dłużny Rynków Wschodzących (GI SFIO),"128,95",PLN,"0,00","0,60","1,66","2,31","0,92","11,22",2016-03-22,-
PZU Energia Medycyna Ekologia (PZU FIO Parasolowy),"81,67",PLN,"1,48","2,55","2,00","-15,98","-26,26","8,92",2016-03-22,-
PZU FIO Ochrony Majątku,"60,65",PLN,"0,00","-0,02","0,05","0,45","0,61","4,44",2016-03-22,
PZU FIZ Akcji Focus,"1 017,03",PLN,"0,00","0,00","2,74","1,70","0,00","0,00",2016-03-23,-
PZU FIZ Akord,"106,03",PLN,"0,00","0,00","1,33","0,00","0,00","0,00",2016-03-23,-
PZU FIZ Forte,"1 175,03",PLN,"0,00","0,00","0,97","0,00","0,00","0,00",2016-03-23,-
PZU FIZ Medyczny,"994,01",PLN,"0,00","0,00","-3,84","0,00","0,00","0,00",2016-03-23,-
PZU FIZ Surowcowy,"997,14",PLN,"0,00","0,00","1,30","0,00","0,00","0,00",2016-03-23,-
PZU Gotówkowy (PZU FIO Parasolowy),"74,58",PLN,"-0,07","-0,01","0,23","1,02","1,18","7,26",2016-03-22,
PZU Papierów Dłużnych POLONEZ (PZU FIO Parasolowy),"161,31",PLN,"-0,15","0,11","0,25","1,13","1,47","15,44",2016-03-22,
PZU Sejf+ (PZU FIO Parasolowy),"61,78",PLN,"-0,08","-0,05","0,23","0,28","0,67","7,00",2016-03-22,-
PZU SFIO Universum,"1 397,26",PLN,"-0,06","0,47","1,02","0,99","1,48","0,00",2016-03-22,
PZU Stabilnego Wzrostu Mazurek (PZU FIO Parasolowy),"129,50",PLN,"-0,10","0,77","1,86","1,33","-4,44","4,25",2016-03-22,
PZU Zrównoważony (PZU FIO Parasolowy),"68,20",PLN,"0,09","1,72","3,71","3,13","-8,20","4,01",2016-03-22,
QUERCUS Absolute Return FIZ,"1 541,89",PLN,"0,00","0,00","-0,29","0,00","0,00","0,00",2016-03-23,-
QUERCUS Absolutnego Zwrotu FIZ,"1 400,23",PLN,"0,00","0,00","1,79","0,00","0,00","0,00",2016-03-23,-
QUERCUS Agresywny (Parasolowy SFIO),"164,45",PLN,"-0,07","0,82","3,94","3,53","-6,73","10,70",2016-03-22,
QUERCUS Gold (Parasolowy SFIO),"54,02",PLN,"0,33","1,16","2,80","15,38","1,81","0,00",2016-03-22,-
QUERCUS lev (Parasolowy SFIO),"57,96",PLN,"1,05","5,32","10,36","7,93","-36,09","-37,03",2016-03-22,-
QUERCUS Multistrategy FIZ,"1 018,18",PLN,"0,00","0,00","2,50","1,79","0,00","0,00",2016-03-23,-
QUERCUS Ochrony Kapitału (Parasolowy SFIO),"140,25",PLN,"0,00","0,04","0,17","0,58","2,33","8,91",2016-03-22,-
QUERCUS Rosja (Parasolowy SFIO),"59,63",PLN,"0,47","4,23","10,73","11,86","-1,16","-34,94",2016-03-22,-
QUERCUS Selektywny (Parasolowy SFIO),"146,24",PLN,"-0,01","0,67","1,82","1,63","-0,13","14,29",2016-03-22,-
QUERCUS short (Parasolowy SFIO),"90,57",PLN,"-0,61","-2,89","-5,68","-5,98","13,61","0,01",2016-03-22,-
QUERCUS Stabilny (Parasolowy SFIO),"114,53",PLN,"-0,09","0,39","1,17","1,51","2,02","0,00",2016-03-22,-
QUERCUS Turcja (Parasolowy SFIO),"99,43",PLN,"-2,01","0,04","4,22","5,60","-9,99","-30,22",2016-03-22,-
Raiffeisen Aktywnego Inwestowania (Raiffeisen SFIO Parasolowy),"116,51",PLN,"0,28","0,80","1,29","1,23","7,54","0,00",2016-03-22,-
Raiffeisen Aktywnego Oszczędzania (Raiffeisen SFIO Parasolowy),"104,42",PLN,"-0,03","0,09","0,37","1,65","1,47","0,00",2016-03-22,
Raiffeisen Globalnych Możliwości (Raiffeisen SFIO Parasolowy),"96,16",PLN,"0,00","0,46","1,64","0,90","-6,43","0,00",2016-03-22,-
Raiffeisen Obligacji Korporacyjnych (Raiffeisen SFIO Parasolowy),"104,60",PLN,"0,06","0,26","1,39","2,15","2,38","0,00",2016-03-22,
SATURN Agresywny FIZ,"111,12",PLN,"0,00","3,32","7,22","0,00","0,00","0,00",2016-03-23,
SATURN Depozytowy FIZ,"113,52",PLN,"0,00","0,08","0,40","0,00","0,00","0,00",2016-03-23,-
SECUS FIZ InMedica,"133,46",PLN,"0,00","0,00","-0,64","0,00","0,00","0,00",2016-03-23,-
SECUS FIZ InProperty,"107,97",PLN,"0,00","0,00","0,00","0,00","0,00","0,00",2016-03-23,-
SECUS FIZ InReturn,"136,58",PLN,"0,00","0,00","11,69","0,00","0,00","0,00",2016-03-23,-
SECUS FIZ InSecura Plus,"111,71",PLN,"0,00","0,00","1,10","0,00","0,00","0,00",2016-03-23,-
SECUS NSFIZ InSecura,"237 455,00",PLN,"0,00","0,00","0,41","0,00","0,00","0,00",2016-03-23,-
SFIO AGRO Kapitał na Rozwój,"217 227,00",PLN,"0,00","0,17","0,10","0,22","-2,06","-0,81",2016-03-22,-
SGB Dłużny (UniFundusze SFIO),"1 000,06",PLN,"0,00","0,00","0,00","0,00","0,00","0,00",2016-03-23,-
SGB Gotówkowy (UniFundusze SFIO),"1 063,37",PLN,"-0,04","0,01","0,30","0,75","1,46","0,00",2016-03-23,
SGB WI Lasy Polskie FIZ AN,"948,13",PLN,"0,00","0,00","0,36","1,64","0,00","0,00",2016-03-23,-
SGB Zagraniczny (UniFundusze SFIO),"986,93",PLN,"0,06","0,10","0,84","-1,06","0,00","0,00",2016-03-23,-
Skarbiec - Obligacyjny FIZ,"13 450,40",PLN,"0,00","0,00","0,23","0,00","0,00","0,00",2016-03-23,
Skarbiec - Obligacyjny Nowej Europy FIZ,"12 051,10",PLN,"0,00","0,00","0,42","0,00","0,00","0,00",2016-03-23,-
Skarbiec - SMARTFIZ FIZ,"11 611,00",PLN,"0,00","0,00","-1,09","0,00","0,00","0,00",2016-03-23,-
Skarbiec - Top Funduszy Akcji SFIO,"132,30",PLN,"-0,22","0,44","4,34","-0,61","-13,30","-2,91",2016-03-22,
Skarbiec - Top Funduszy Stabilnych SFIO,"163,07",PLN,"-0,10","0,34","3,25","0,89","-4,98","4,96",2016-03-22,
Skarbiec Absolute Return Globalnych Obligacji FIZ,"10 337,50",PLN,"0,00","0,00","0,33","0,20","0,00","0,00",2016-03-23,-
Skarbiec Akcja (Skarbiec FIO),"247,82",PLN,"0,01","0,91","3,59","-1,18","-17,46","-8,66",2016-03-22,
Skarbiec Depozytowy DPW (Skarbiec FIO),"33,97",PLN,"0,00","0,09","0,50","1,04","0,62","8,29",2016-03-22,-
Skarbiec Dochodowych Nieruchomości FIZ AN,"102,52",PLN,"0,00","0,00","0,04","0,00","0,00","0,00",2016-03-23,-
Skarbiec Football FIZ AN seria A,"10 225,80",PLN,"0,00","0,00","0,00","0,00","0,00","0,00",2016-03-23,-
Skarbiec Football FIZ AN seria B,"10 158,00",PLN,"0,00","0,00","0,00","0,00","0,00","0,00",2016-03-23,-
Skarbiec Football FIZ AN seria C,"10 032,10",PLN,"0,00","0,00","0,00","0,32","0,00","0,00",2016-03-23,-
Skarbiec Globalny Małych i Średnich Spółek (Skarbiec FIO),"129,48",PLN,"-0,32","0,11","2,73","-7,65","0,00","0,00",2016-03-22,-
Skarbiec Globalnych Obligacji Korporacyjnych FIZ,"9 831,68",PLN,"0,00","0,00","0,54","0,00","0,00","0,00",2016-03-23,-
Skarbiec III Filar (Skarbiec FIO),"147,03",PLN,"-0,13","0,33","1,96","-0,37","-8,56","5,65",2016-03-22,-
Skarbiec Kasa Pieniężny (Skarbiec FIO),"333,18",PLN,"-0,01","0,03","0,13","0,66","1,27","6,01",2016-03-22,-
Skarbiec Lokacyjny (Skarbiec FIO),"127,78",PLN,"-0,07","0,30","2,92","1,81","-0,39","9,57",2016-03-22,-
Skarbiec Magna FIZ,"10 019,00",PLN,"0,00","0,00","0,19","0,00","0,00","0,00",2016-03-23,-
Skarbiec Market Neutral (Skarbiec FIO),"122,50",PLN,"0,20","-0,61","-1,78","-5,03","-2,69","12,54",2016-03-22,-
Skarbiec Market Opportunities (Skarbiec FIO),"136,35",PLN,"-0,34","-0,34","-0,46","-2,23","-8,45","0,00",2016-03-22,-
Skarbiec Małych i Średnich Spółek (Skarbiec FIO),"67,90",PLN,"-0,59","-0,54","2,97","-1,28","-7,49","23,97",2016-03-22,
Skarbiec MultiAsset FIZ,"10 083,90",PLN,"0,00","0,00","0,61","0,00","0,00","0,00",2016-03-23,-
Skarbiec na 5 FIZ AN,"100,00",PLN,"0,00","0,00","0,00","0,00","0,00","0,00",2016-03-23,-
Skarbiec Obligacja Instrumentów Dłużnych (Skarbiec FIO),"298,19",PLN,"-0,01","0,02","0,43","0,93","-0,07","9,88",2016-03-22,-
Skarbiec Obligacji Globalnych (Skarbiec FIO),"100,82",PLN,"0,00","0,05","0,17","0,76","0,00","0,00",2016-03-22,-
Skarbiec Rynków Rozwiniętych (Skarbiec FIO),"91,73",PLN,"0,33","0,79","3,90","-5,39","-12,21","8,30",2016-03-22,-
Skarbiec Rynków Rozwiniętych (USD) (Skarbiec FIO),"24,14",USD,"-0,08","2,51","7,72","-3,44","-10,72","-7,76",2016-03-22,-
Skarbiec Rynków Surowcowych (Skarbiec FIO),"52,06",PLN,"0,27","2,56","6,07","2,64","-20,72","-46,25",2016-03-22,-
Skarbiec Rynków Wschodzących (EUR) (Skarbiec FIO),"1,68",EUR,"0,60","3,07","7,69","-1,18","-17,24","-17,24",2016-03-22,-
Skarbiec Rynków Wschodzących (Skarbiec FIO),"7,16",PLN,"0,56","2,87","4,83","-0,69","-14,56","-15,67",2016-03-22,
Skarbiec Spółek Wzrostowych (Skarbiec FIO),"65,04",PLN,"-0,20","1,53","4,40","-8,19","-15,30","12,04",2016-03-22,
Skarbiec Top Brands (Skarbiec FIO),"112,80",PLN,"0,14","1,93","5,11","-9,70","-13,57","0,00",2016-03-22,
Skarbiec Waga Zrównoważony (Skarbiec FIO),"269,82",PLN,"-0,10","0,59","3,00","-1,25","-10,50","-0,85",2016-03-22,
Skarbiec Zdrowia FIZ AN,"10 000,00",PLN,"0,00","0,00","0,00","0,00","0,00","0,00",2016-03-23,-
SKOK Akcji (SKOK PARASOL FIO),"88,77",PLN,"0,78","2,61","3,96","4,73","-3,22","5,49",2016-03-22,
SKOK Etyczny 1 (SKOK PARASOL FIO),"122,59",PLN,"-0,03","-0,04","-0,03","1,21","-0,07","3,99",2016-03-22,
SKOK Etyczny 2 (SKOK PARASOL FIO),"96,49",PLN,"0,16","1,25","2,08","0,57","-6,57","0,00",2016-03-22,
SKOK FIO Rynku Pieniężnego,"149,84",PLN,"0,00","0,01","0,05","0,89","0,88","5,86",2016-03-22,-
SKOK Gotówkowy (SKOK PARASOL FIO),"120,58",PLN,"-0,07","-0,01","0,17","0,88","-0,14","7,23",2016-03-22,
SKOK Obligacji (SKOK PARASOL FIO),"174,67",PLN,"-0,13","-0,04","0,24","1,70","0,00","0,00",2016-03-22,-
SKOK Stabilny Zmiennej Alokacji (SKOK PARASOL FIO),"135,89",PLN,"0,04","0,09","0,47","-0,61","-3,82","3,96",2016-03-22,
Solution One FIZ seria C,"113,09",PLN,"0,00","0,00","-1,58","0,00","0,00","0,00",2016-03-23,-
subGO Fund Wierzytelności (GO FUND FIZ),"3,06",PLN,"0,00","0,00","0,00","-0,16","0,00","0,00",2016-03-23,-
subGO Micro (GO FUND FIZ),"1,10",PLN,"0,00","0,00","0,00","-5,44","0,00","0,00",2016-03-23,-
subGO Obligacje 1 (GO FUND FIZ),"1,67",PLN,"0,00","0,00","0,00","1,05","0,00","0,00",2016-03-23,-
subGO Wierzytelności Płynnych (GO FUND FIZ),"1,10",PLN,"0,00","0,00","0,00","1,15","0,00","0,00",2016-03-23,-
Superfund Akcji (EUR) (Superfund SFIO),"193,13",EUR,"0,32","1,13","3,06","-0,46","-8,71","15,10",2016-03-22,-
Superfund Akcji (Superfund SFIO),"822,54",PLN,"0,29","0,58","0,55","-0,04","-5,75","17,10",2016-03-22,
Superfund Akcji (USD) (Superfund SFIO),"216,43",USD,"-0,15","2,28","4,22","2,02","-4,17","-0,29",2016-03-22,-
Superfund Akcyjny (Superfund SFIO Portfelowy),"100,53",PLN,"0,36","0,42","0,41","-1,00","-8,84","0,00",2016-03-22,
Superfund Alternatywny (Superfund SFIO Portfelowy),"114,05",PLN,"-0,06","1,66","-2,88","-6,81","-11,96","0,00",2016-03-22,-
Superfund B (EUR) (Superfund SFIO),"231,95",EUR,"0,22","2,84","1,37","-4,13","-12,49","15,45",2016-03-22,-
Superfund B (Superfund SFIO),"987,88",PLN,"0,19","2,28","-1,10","-3,72","-9,66","17,46",2016-03-22,-
Superfund B (USD) (Superfund SFIO),"259,93",USD,"-0,25","4,01","2,50","-1,74","-8,14","0,02",2016-03-22,-
Superfund C (EUR) (Superfund SFIO),"204,71",EUR,"0,22","2,81","1,57","-3,67","-13,58","16,25",2016-03-22,-
Superfund C (Superfund SFIO),"871,87",PLN,"0,19","2,25","-0,91","-3,26","-10,79","18,27",2016-03-22,-
Superfund C (USD) (Superfund SFIO),"229,41",USD,"-0,25","3,98","2,71","-1,27","-9,28","0,71",2016-03-22,-
Superfund Goldfuture (EUR) (Superfund SFIO),"150,51",EUR,"-0,58","2,51","2,88","13,79","-6,60","-21,83",2016-03-22,-
Superfund Goldfuture (Superfund SFIO),"641,03",PLN,"-0,61","1,96","0,37","14,27","-3,58","-20,46",2016-03-22,-
Superfund Goldfuture (USD) (Superfund SFIO),"168,67",USD,"-1,05","3,68","4,03","16,62","-1,96","-32,27",2016-03-22,-
Superfund Obligacyjny (Superfund SFIO Portfelowy),"104,87",PLN,"0,00","-0,11","-0,32","-0,15","-1,39","0,00",2016-03-22,
Superfund Pieniężny (Superfund SFIO Portfelowy),"107,04",PLN,"0,00","0,01","0,03","0,19","1,96","0,00",2016-03-22,
Superfund Płynnościowy (EUR) (Superfund SFIO),"356,68",EUR,"0,03","0,56","2,57","-0,12","-1,01","0,00",2016-03-22,-
Superfund Płynnościowy (Superfund SFIO),"1 519,11",PLN,"0,00","0,01","0,07","0,30","2,19","0,00",2016-03-22,
Superfund Płynnościowy (USD) (Superfund SFIO),"399,71",USD,"-0,44","1,70","3,72","2,37","3,91","0,00",2016-03-22,-
Superfund RED (EUR) (Superfund SFIO),"152,48",EUR,"0,16","2,55","4,78","0,55","-12,17","-14,42",2016-03-22,-
Superfund RED (Superfund SFIO),"649,41",PLN,"0,14","1,99","2,22","0,97","-9,32","-12,92",2016-03-22,-
Superfund RED (USD) (Superfund SFIO),"170,87",USD,"-0,31","3,71","5,95","3,05","-7,80","-25,86",2016-03-22,-
Superfund Trend Bis Powiązany SFIO,"88,72",PLN,"0,20","2,35","-1,19","-3,39","-10,27","16,13",2016-03-22,-
Superfund Trend Bis Powiązany SFIO (EUR),"20,83",EUR,"0,24","2,92","1,26","-3,79","-13,10","14,14",2016-03-22,-
Superfund Trend Bis Powiązany SFIO (USD),"23,34",USD,"-0,26","4,06","2,41","-1,44","-8,76","-1,14",2016-03-22,-
Superfund Trend Plus Powiązany SFIO kat. Standardowa,"85,63",PLN,"0,20","2,33","-1,13","-3,68","-11,02","15,58",2016-03-22,-
Superfund Trend Plus Powiązany SFIO kat. Standardowa (EUR),"20,11",EUR,"0,25","2,92","1,36","-4,06","-13,80","13,62",2016-03-22,-
Superfund Trend Plus Powiązany SFIO kat. Standardowa (USD),"22,53",USD,"-0,27","4,06","2,46","-1,70","-9,52","-1,57",2016-03-22,-
Superfund Trend Podstawowy SFIO,"105,67",PLN,"0,21","2,42","-0,98","-3,07","-8,60","24,70",2016-03-22,-
Superfund Trend Podstawowy SFIO (EUR),"24,81",EUR,"0,24","2,99","1,47","-3,50","-11,46","22,58",2016-03-22,-
Superfund Trend Podstawowy SFIO (USD),"27,80",USD,"-0,25","4,16","2,62","-1,10","-7,09","6,15",2016-03-22,-
Templeton Wzrostowych Akcji Polskich (FT FIO),"103,44",PLN,"-0,39","1,16","0,00","0,00","0,00","0,00",2016-03-21,-
Total FIZ,"133,61",PLN,"0,00","0,00","1,84","-3,56","0,00","0,00",2016-03-23,-
Trigon Globalni Liderzy Wzrostu FIZ,"90,32",PLN,"0,00","0,00","8,00","-9,68","0,00","0,00",2016-03-23,-
Trigon Polskie Perły FIZ,"119,94",PLN,"0,00","0,00","0,60","0,00","0,00","0,00",2016-03-23,-
Trigon Profit II NSFIZ,"1 988,56",PLN,"0,00","0,00","0,25","1,44","0,00","0,00",2016-03-23,-
Trigon Profit III FIZ,"114,35",PLN,"0,00","0,00","2,13","0,00","0,00","0,00",2016-03-23,-
Trigon Profit IV NSFIZ,"212,54",PLN,"0,00","0,00","1,13","3,47","0,00","0,00",2016-03-23,-
Trigon Profit IX NSFIZ,"183,24",PLN,"0,00","0,00","0,57","0,00","0,00","0,00",2016-03-23,-
Trigon Profit NSFIZ,"1 935,22",PLN,"0,00","0,00","0,48","1,17","0,00","0,00",2016-03-23,-
Trigon Profit V NSFIZ,"181,23",PLN,"0,00","0,00","-0,90","0,61","0,00","0,00",2016-03-23,-
Trigon Profit VII NSFIZ,"183,18",PLN,"0,00","0,00","0,70","2,14","0,00","0,00",2016-03-23,-
Trigon Profit VIII NSFIZ,"179,08",PLN,"0,00","0,00","-0,32","0,00","0,00","0,00",2016-03-23,-
Trigon Profit XI FIZ,"100,52",PLN,"0,00","0,00","0,22","0,51","0,00","0,00",2016-03-23,-
Trigon Profit XV NSFIZ,"179 493,00",PLN,"0,00","0,00","-0,19","0,00","0,00","0,00",2016-03-23,-
Trigon Quantum Absolute Return FIZ,"1 555,93",PLN,"0,00","0,00","1,39","0,00","0,00","0,00",2016-03-23,-
Trigon Quantum Arbitrage FIZ,"1 004,99",PLN,"0,00","0,00","0,00","0,00","0,00","0,00",2016-03-23,-
Trigon Quantum Neutral FIZ,"120,46",PLN,"0,00","0,00","1,14","0,00","0,00","0,00",2016-03-23,-
UniAkcje Biopharma (UniFundusze SFIO),"95,42",PLN,"0,63","-1,87","1,13","-7,97","0,00","0,00",2016-03-23,-
UniAkcje Dywidendowy (UniFundusze FIO),"114,79",PLN,"0,02","1,49","5,62","5,13","-9,70","0,00",2016-03-23,
UniAkcje Globalny Dywidendowy (UniFundusze SFIO),"100,31",PLN,"0,12","-0,49","3,20","-0,74","0,00","0,00",2016-03-23,-
UniAkcje Małych i Średnich Spółek (UniFundusze FIO),"90,04",PLN,"0,17","1,09","3,92","1,42","-8,43","19,42",2016-03-23,
UniAkcje Wzrostu (UniFundusze FIO),"90,77",PLN,"0,70","1,78","5,17","3,68","-8,39","15,45",2016-03-23,
UniAkcje: Daleki Wschód (UniFundusze SFIO),"94,77",PLN,"0,78","0,38","6,60","1,21","-15,93","0,00",2016-03-23,
UniAkcje: Nowa Europa (UniFundusze FIO),"105,84",PLN,"-0,14","1,34","4,12","4,69","-1,40","2,95",2016-03-23,-
UniAkcje: Turcja (UniFundusze FIO),"68,42",PLN,"-0,68","1,26","5,07","6,81","-14,69","-31,80",2016-03-23,
UniAktywny Pieniężny (UniFundusze SFIO),"100,50",PLN,"-0,06","0,00","0,30","0,48","0,00","0,00",2016-03-23,-
UniBessa (UniFundusze SFIO),"99,06",PLN,"0,00","0,03","-1,07","-0,62","-1,40","0,00",2016-03-23,-
UniDolar Pieniężny (USD) (UniFundusze FIO),"40,51",USD,"0,00","0,02","0,07","0,42","1,25","3,98",2016-03-23,-
UniDynamiczna Alokacja Aktywów (UniFundusze SFIO),"92,82",PLN,"-0,03","0,87","1,79","-2,15","0,00","0,00",2016-03-23,-
UniEURIBOR (EUR) (UniFundusze SFIO),"1 186,76",EUR,"0,01","0,05","0,20","0,33","0,65","3,35",2016-03-23,-
UniKorona Akcje (UniFundusze FIO),"187,39",PLN,"0,83","2,09","4,58","3,93","-11,63","4,31",2016-03-23,-
UniKorona Obligacje (UniFundusze FIO),"336,15",PLN,"-0,14","-0,04","0,04","1,21","-0,20","8,06",2016-03-23,
UniKorona Pieniężny (UniFundusze FIO),"203,99",PLN,"-0,02","0,05","0,48","0,58","0,88","9,90",2016-03-23,-
UniKorona Zrównoważony (UniFundusze FIO),"292,57",PLN,"0,49","1,26","2,99","2,75","-7,59","3,00",2016-03-23,-
UniLokata (UniFundusze FIO),"115,82",PLN,"0,01","0,03","0,14","0,43","1,93","8,49",2016-03-23,
UniObligacje Aktywny (UniFundusze SFIO),"150,22",PLN,"-0,21","0,04","0,88","1,84","-1,47","14,96",2016-03-23,
UniObligacje FIZ,"1 226,04",PLN,"0,00","0,00","0,49","0,00","0,00","0,00",2016-03-23,-
UniObligacje High Yield FIZ,"102,73",PLN,"0,00","0,00","0,28","0,00","0,00","0,00",2016-03-23,-
UniObligacje Zamienne (UniFundusze SFIO),"97,96",PLN,"0,00","0,17","1,14","-3,25","-4,44","0,00",2016-03-23,-
UniObligacje: Nowa Europa (UniFundusze FIO),"201,99",PLN,"-0,17","-0,41","-0,67","2,92","-1,88","10,98",2016-03-23,-
UniStabilny Wzrost (UniFundusze FIO),"163,71",PLN,"0,10","0,76","2,08","2,13","-6,12","5,12",2016-03-23,
UniStrategie Dynamiczny (UniFundusze SFIO),"98,94",PLN,"0,10","-0,20","3,58","-3,24","-12,12","0,00",2016-03-23,-
UniSystem 1 (UniSystem FIZ),"968,71",PLN,"0,00","0,00","0,63","0,00","0,00","0,00",2016-03-23,-
Universe 2 NSFIZ,"195 617,00",PLN,"0,00","0,00","0,16","1,41","0,00","0,00",2016-03-23,-
Universe NSFIZ,"221 945,00",PLN,"0,00","0,00","1,22","3,49","0,00","0,00",2016-03-23,-
UniWIBID Plus (UniFundusze SFIO),"1 675,19",PLN,"0,01","0,04","0,14","0,53","2,29","10,44",2016-03-23,-
WI Inwestycje Rolne FIZ AN,"1 440,40",PLN,"0,00","0,00","0,57","0,00","0,00","0,00",2016-03-23,-
WI Inwestycje Selektywne FIZ AN,"1 681,99",PLN,"0,00","0,00","0,44","0,00","0,00","0,00",2016-03-23,-
WI Vivante FIZ AN,"836,38",PLN,"0,00","0,00","0,33","0,00","0,00","0,00",2016-03-23,-
Zolkiewicz & Partners Inwestycji w Wartość FIZ,"104,46",PLN,"0,00","0,00","0,00","-3,98","0,00","0,00",2016-03-23,-
